[
  {
    "question": "In what type of structure is Abu Samr's tailoring workshop operating, and what critical requirement did tailor Sami Huna identify for continuous production?",
    "answer": "The workshop operates in a tent-like structure filled with clothing items and sewing equipment, and Sami Huna stated that the tailors require the entry of new raw materials to ensure continuity of work.",
    "keypoints": {
      "video": [
        "The interior of a tent-like structure reveals a cluttered space filled with clothing items and sewing equipment."
      ],
      "text": [
        "Sami Huna states the tailors need continuity of work and the entry of new raw materials."
      ]
    }
  },
  {
    "question": "How do the living conditions of displaced Gazans, as shown in their environment, contrast with Abu Samr's economic losses from the conflict?",
    "answer": "Displaced Gazans live amidst rubble in tents or shelters while struggling to afford basic goods, whereas Abu Samr, a Palestinian businessman, has incurred approximately $6 million in losses due to the war.",
    "keypoints": {
      "video": [
        "A group of people is gathered outside amidst the rubble of destroyed buildings, with vehicles parked nearby."
      ],
      "text": [
        "Many displaced Gazans live in tents or shelters and struggle to afford food and goods.",
        "Abu Samr estimates his losses due to the war amount to approximately $6 million."
      ]
    }
  }
]