[
  {
    "question": "Why did Palestinian businessman Abu Samr establish a new tailoring workshop?",
    "answer": "To provide employment for displaced people and help Gaza's economy after nine months of Israeli bombardment.",
    "keypoints": [
      "Palestinian businessman Abu Samr established a new tailoring workshop to provide employment for displaced people and help Gaza's economy after nine months of Israeli bombardment."
    ]
  },
  {
    "question": "What happened to Abu Samr's previous factory in Rafa?",
    "answer": "It was destroyed during the conflict.",
    "keypoints": [
      "Abu Samr's previous factory in Rafa was destroyed during the conflict."
    ]
  }
]
