[
  {
    "question": "What condition is the workshop in where a man operates a sewing machine?",
    "answer": "The workshop has visible damage to the walls and ceiling.",
    "keypoints": [
      "A man is seen operating a sewing machine in a workshop with visible damage to the walls and ceiling."
    ]
  },
  {
    "question": "What do damaged walls in a workspace with multiple people using sewing machines suggest?",
    "answer": "The damaged walls indicate ongoing repair or reconstruction efforts.",
    "keypoints": [
      "Several individuals are working at sewing machines in a room with damaged walls, indicating ongoing repair or reconstruction efforts."
    ]
  }
]