[
  {
    "question": "What retail promotion and customer activity were observed at Urban Outfitters, and how did the company's stock react to its quarterly performance report?",
    "answer": "Urban Outfitters displayed a '$20 OFF' promotion on all boots with customers entering and exiting the store. The stock plummeted 9.6% after reporting quarterly same-store sales growth that missed forecasts.",
    "keypoints": {
      "video": [
        "Urban Outfitters' store front displays a sign indicating a sale with '$20 OFF' on all boots.",
        "People are entering and exiting the Urban Outfitters store."
      ],
      "text": [
        "Urban Outfitters stock plummeted 9.6% after the apparel retailer reported quarterly same-store sales growth that missed forecasts."
      ]
    }
  }
]