[
  {
    "question": "What event did the stock market declines precede involving Federal Reserve Chair Jerome Powell?",
    "answer": "The declines preceded Federal Reserve Chair Jerome Powell's scheduled speech on Friday at the Federal Reserve's annual Economic Symposium in Jackson Hole.",
    "keypoints": [
      "The stock market declines preceded Federal Reserve Chair Jerome Powell's scheduled speech on Friday at the Federal Reserve's annual Economic Symposium in Jackson Hole."
    ]
  },
  {
    "question": "According to FBB Capital Partners president Mike Musio, what will investors monitor in Powell's speech?",
    "answer": "Investors will closely monitor Powell's speech for a tone supporting a trajectory of rate cuts at a reasonable pace to achieve a soft landing for the economy.",
    "keypoints": [
      "FBB Capital Partners president Mike Musio stated that investors will closely monitor Powell's speech for a tone supporting a trajectory of rate cuts at a reasonable pace to achieve a soft landing for the economy."
    ]
  }
]
