[
  {
    "question": "What were the latest market levels and percentage declines for the Dow Industrials, S&P 500, and NASDAQ?",
    "answer": "The Dow Industrials was at 40,713, down by 0.43%; the S&P 500 was at 5,571, down by 0.89%; and the NASDAQ was at 17,619, down by 1.67%.",
    "keypoints": [
      "The U.S. Markets are showing a decline with the Dow Industrials at 40,713 down by -0.43%, S&P 500 at 5,571 down by -0.89%, and NASDAQ at 17,619 down by -1.67%."
    ]
  },
  {
    "question": "What was the latest stock price and percentage gain for Zoom Video Communications?",
    "answer": "Zoom Video Communications stock was priced at $68.04, with a gain of 12.97%.",
    "keypoints": [
      "Zoom Video Communications stock price is listed at $68.04 with a gain of 12.97%."
    ]
  }
]