[
  {
    "question": "What items did Richard Carapaz hold during his podium celebration after becoming the first Ecuadorian cyclist to wear the Tour de France yellow jersey?",
    "answer": "He held a stuffed animal and a ribbon.",
    "keypoints": {
      "video": [
        "A cyclist in a yellow jersey stands on a podium, holding up a stuffed animal and a ribbon, with \"Tour de France\" branding in the background."
      ],
      "text": [
        "Richard Carapaz became the first rider from Ecuador to wear the yellow jersey."
      ]
    }
  },
  {
    "question": "In which Italian city did Biniam Girmay celebrate his victory in the third stage of the Tour de France?",
    "answer": "Turin.",
    "keypoints": {
      "video": [
        "A cyclist wearing a yellow and white jersey celebrates with a raised fist while leading a group of cyclists in Turin, Italy."
      ],
      "text": [
        "Biniam Girmay won the third stage of the Tour de France on Monday."
      ]
    }
  },
  {
    "question": "How did Biniam Girmay react physically immediately after winning the Tour de France's third stage?",
    "answer": "He was seen kneeling on the ground, appearing exhausted.",
    "keypoints": {
      "video": [
        "A cyclist in a yellow and white jersey is seen kneeling on the ground, appearing exhausted or injured, surrounded by spectators and a photographer."
      ],
      "text": [
        "Biniam Girmay won the third stage of the Tour de France on Monday."
      ]
    }
  },
  {
    "question": "How was Richard Carapaz interacting with his teammates while wearing the yellow jersey as Tour de France overall leader?",
    "answer": "He was smiling and interacting with teammates while riding alongside them.",
    "keypoints": {
      "video": [
        "A cyclist in a yellow jersey rides alongside other cyclists, smiling and interacting with teammates."
      ],
      "text": [
        "Richard Carapaz took the overall lead of the Tour de France."
      ]
    }
  }
]