[
  {
    "question": "Who won the third stage of the Tour de France on Monday?",
    "answer": "Biniam Girmay won the third stage of the Tour de France on Monday.",
    "keypoints": [
      "Biniam Girmay won the third stage of the Tour de France on Monday."
    ]
  },
  {
    "question": "What was historic about Biniam Girmay's Tour de France stage win?",
    "answer": "Biniam Girmay became the first black African rider to win a stage in the Tour de France.",
    "keypoints": [
      "Biniam Girmay became the first black African rider to win a stage in the Tour de France."
    ]
  }
]
