[
  {
    "question": "What specific progress did the European Union acknowledge in December 2023 to clear initial hurdles for Ukraine's accession, and how is the bilateral relationship symbolically represented by flags outside buildings?",
    "answer": "In December 2023, the European Union acknowledged Ukraine's progress in fighting corruption and rebuilding its judiciary to clear initial accession hurdles. The bilateral relationship is symbolically represented by the flags of Ukraine and the European Union flying together outside institutional buildings.",
    "keypoints": {
      "video": [
        "Flags of Ukraine and the European Union fly outside a modern building with glass windows."
      ],
      "text": [
        "The European Union cleared initial hurdles for Ukraine's accession in December 2023 by acknowledging progress in fighting corruption and rebuilding its judiciary."
      ]
    }
  },
  {
    "question": "How did the 2013 demonstrations for EU ties, visually marked by Ukrainian and EU flags at a nighttime protest, lead to the 2014 Maidan Revolution, and what role did Yahor Soal play?",
    "answer": "The 2013 demonstrations demanding closer EU ties, visually marked by protesters holding Ukrainian and EU flags at night, culminated in the 2014 Maidan Revolution after Ukraine's Russia-backed leader broke a promise to develop EU ties. Yahor Soal was a prominent figure in the revolution that toppled the president.",
    "keypoints": {
      "video": [
        "A large group of people hold a Ukrainian flag and European Union flags during a nighttime protest on November 21, 2013."
      ],
      "text": [
        "Ukraine will begin European Union accession talks more than a decade after 2013 demonstrations where supporters chanted for closer EU ties.",
        "Yahor Soal was a prominent figure in the 2014 Maidan Revolution that toppled Ukraine's president after the Russia-backed leader broke a promise to develop closer EU ties."
      ]
    }
  },
  {
    "question": "Following Ukraine's formal EU accession request after Russia's 2022 invasion, what are the expected timelines for negotiations, and how do EU Parliament settings reflect this process?",
    "answer": "Negotiations between Ukraine and the European Union are expected to take years to conclude following Ukraine's formal accession request filed days after Russia's February 2022 invasion. The process is reflected in formal EU Parliament settings where member state flags symbolize multinational deliberation.",
    "keypoints": {
      "video": [
        "Members of the European Parliament stand in a chamber with flags from various countries displayed above them on March 1, 2022."
      ],
      "text": [
        "Ukraine filed its formal request to join the European Union days after Russia's full-scale invasion in February 2022.",
        "Negotiations between Ukraine and the European Union are expected to take years to conclude."
      ]
    }
  }
]