[
  {
    "question": "Why was Ukraine's anti-corruption infrastructure crucial for its European Union integration?",
    "answer": "Ukraine's anti-corruption infrastructure was central to securing financial aid and backing for Kyiv's integration with the European Union.",
    "keypoints": [
      "Ukraine's anti-corruption infrastructure was central to securing financial aid and backing for Kyiv's integration with the European Union."
    ]
  },
  {
    "question": "What progress did the European Union acknowledge when clearing Ukraine's accession hurdles in December 2023?",
    "answer": "In December 2023, the European Union acknowledged Ukraine's progress in fighting corruption and rebuilding its judiciary when clearing initial accession hurdles.",
    "keypoints": [
      "The European Union cleared initial hurdles for Ukraine's accession in December 2023 by acknowledging progress in fighting corruption and rebuilding its judiciary."
    ]
  }
]
