[
  {
    "question": "At the Stilfontein mine site, what specific supplies are being handled and transported for the trapped illegal miners, and what legal requirement prompted this activity?",
    "answer": "Workers handled and transported packaged goods, water bottles, and large containers of water for the trapped miners, as mandated by a recent court ruling requiring the provision of sustenance.",
    "keypoints": {
      "video": [
        "Workers load supplies into the back of a white pickup truck, including packaged goods and water bottles.",
        "Several individuals carry large containers of water across a dirt path."
      ],
      "text": [
        "A recent court ruling mandated that the miners be provided with sustenance."
      ]
    }
  },
  {
    "question": "What operational challenge do authorities face at the Stilfontein mine site, as evidenced by police presence on rocky terrain and supply transportation activities?",
    "answer": "Authorities grapple with balancing rescue efforts and law enforcement amid a standoff with trapped illegal miners, requiring both police surveillance and logistical support for sustenance delivery.",
    "keypoints": {
      "video": [
        "A group of police officers in uniform stand on a rocky terrain, observing the surroundings.",
        "Workers load supplies into the back of a white pickup truck, including packaged goods and water bottles."
      ],
      "text": [
        "Authorities have grappled with balancing rescue efforts and law enforcement.",
        "Police have been attempting to empty the tunnel for weeks but are locked in a standoff with the miners."
      ]
    }
  }
]