[
  {
    "question": "What did police commissioner Fny Masola state about the conditions of the Stilfontein mine shaft?",
    "answer": "Fny Masola noted that the conditions of the Stilfontein mine shaft are dangerous.",
    "keypoints": [
      "Fny Masola noted that the conditions of the shaft are dangerous."
    ]
  },
  {
    "question": "How long has illicit mining plagued South Africa and through what methods?",
    "answer": "Illicit mining has plagued South Africa for decades through small-time pilfering and organized criminal networks.",
    "keypoints": [
      "Illicit mining has plagued South Africa for decades through small-time pilfering and organized criminal networks."
    ]
  },
  {
    "question": "How many illegal miners resurfaced in recent weeks due to the crackdown on illegal mining?",
    "answer": "More than 100 illegal miners resurfaced in the last few weeks as a result of the recent crackdown.",
    "keypoints": [
      "The recent crackdown has resulted in more than 100 illegal miners resurfacing in the last few weeks."
    ]
  }
]
