[
  {
    "question": "Where and when did protesters gather to demand the arrest of South Korean President Yun Suk-yeol?",
    "answer": "Protesters gathered in Seoul on Friday demanding the arrest of South Korean President Yun Suk-yeol.",
    "keypoints": [
      "Protesters gathered in Seoul on Friday demanding the arrest of South Korean President Yun Suk-yeol."
    ]
  },
  {
    "question": "How did protesters interpret President Yun Suk-yeol's declaration of martial law?",
    "answer": "Protesters associated the martial law declaration with past abuses by South Korean military regimes.",
    "keypoints": [
      "President Yun Suk-yeol declared martial law, which protesters associated with past abuses by South Korean military regimes."
    ]
  },
  {
    "question": "How did President Yun Suk-yeol characterize his critics in his martial law declaration?",
    "answer": "President Yun Suk-yeol branded his critics as North Korean or communist sympathizers.",
    "keypoints": [
      "President Yun Suk-yeol branded his critics as North Korean or communist sympathizers in his late-night martial law declaration."
    ]
  },
  {
    "question": "What action did opposition demonstrators take after the martial law declaration?",
    "answer": "Opposition demonstrators surged to the parliament building and faced down soldiers following the declaration.",
    "keypoints": [
      "Opposition demonstrators surged to the parliament building and faced down soldiers following the declaration."
    ]
  }
]
