[
  {
    "question": "At the site of her cousin and mother's destroyed house in Mahu, Kenya, what action was Jiku seen performing and what personal items did she identify?",
    "answer": "Jiku was seen pointing towards a damaged structure and identified her child's jacket, her mattress, her broken bed, her roof, and other belongings.",
    "keypoints": {
      "video": [
        "A woman in a pink shirt and headscarf stands amidst debris, pointing towards a damaged structure with corrugated metal sheets scattered around."
      ],
      "text": [
        "Jiku identified personal items at the flood site, including her child's jacket, her mattress, her broken bed, her roof, and other belongings."
      ]
    }
  },
  {
    "question": "What evidence of personal belongings left behind after the floods in Kenya was visible both in the aerial landscape view and through Jiku's identification?",
    "answer": "An aerial view showed widespread landslide damage with visible erosion, while Jiku identified specific items including her child's jacket, mattress, broken bed, and roof.",
    "keypoints": {
      "video": [
        "An aerial view shows a wide expanse of land affected by a landslide, with visible erosion and displaced soil."
      ],
      "text": [
        "Jiku identified personal items at the flood site, including her child's jacket, her mattress, her broken bed, her roof, and other belongings."
      ]
    }
  },
  {
    "question": "How did the debris clearance methods at Jiku's family site in Mahu, Kenya, differ from standard recovery operations, as shown in the video?",
    "answer": "While standard recovery operations used heavy machinery like excavators, Jiku's family site relied on manual clearance with shovels and bare hands as heavy machinery had not yet reached their location.",
    "keypoints": {
      "video": [
        "A crowd gathers near an excavator as it operates on a site filled with mud and debris, indicating ongoing recovery efforts.",
        "A group of people, including men and women, are actively clearing debris using shovels and other tools in a muddy area."
      ],
      "text": [
        "Heavy machinery from the search operation had not yet reached the area where Jiku's family was digging."
      ]
    }
  }
]