[
  {
    "question": "What did Jiku do on Wednesday in Mahu, Kenya?",
    "answer": "Jiku searched the location where her cousin and mother's house once stood after devastating floods destroyed it.",
    "keypoints": [
      "On Wednesday, Jiku searched the location where her cousin and mother's house once stood in Mahu, Kenya, after devastating floods destroyed her home."
    ]
  },
  {
    "question": "What personal items did Jiku identify at the flood site in Mahu?",
    "answer": "Jiku identified her child's jacket, her mattress, her broken bed, her roof, and other belongings.",
    "keypoints": [
      "Jiku identified personal items at the flood site, including her child's jacket, her mattress, her broken bed, her roof, and other belongings."
    ]
  }
]
