[
  {
    "question": "What caused the drop in global technology shares?",
    "answer": "Global technology shares dropped due to the growing popularity of China's free DeepSeek AI assistant.",
    "keypoints": [
      "Global technology shares drop as China's free DeepSeek AI assistant gains popularity, according to a news headline displayed on a computer screen."
    ]
  },
  {
    "question": "What key topics did President Trump discuss with Indian Prime Minister Narendra Modi?",
    "answer": "President Trump discussed 'fair' trade, defense buys, and immigration issues with Indian Prime Minister Narendra Modi.",
    "keypoints": [
      "President Trump discusses 'fair' trade, defense buys, and immigration issues with Indian Prime Minister Narendra Modi, as shown in an image of them walking together outdoors."
    ]
  },
  {
    "question": "What renaming change is Google Maps implementing for U.S. users regarding the Gulf of Mexico?",
    "answer": "Google Maps will rename the 'Gulf of Mexico' to the 'Gulf of America' for its U.S. users.",
    "keypoints": [
      "Google Maps says it will rename 'Gulf of Mexico' to 'Gulf of America' for its U.S. users, as seen in a screenshot of the map application on a laptop screen."
    ]
  }
]