[
  {
    "question": "Following heightened alert for underwater critical infrastructure incidents in the Baltic Sea, what naval assets were shown operating in the area and what was NATO's announced response?",
    "answer": "A Polish Border Guard vessel was patrolling the open sea and a large naval ship marked 'A803' was sailing through a harbor; NATO announced it will increase its presence in the Baltic Sea area.",
    "keypoints": {
      "video": [
        "A Polish Border Guard vessel patrols the open sea, navigating alongside another smaller boat.",
        "A large naval ship marked \"A803\" sails through a harbor with other vessels visible in the background."
      ],
      "text": [
        "NATO announced it will increase its presence in the Baltic Sea area following several incidents of suspicious damage to underwater critical infrastructure."
      ]
    }
  }
]