[
  {
    "question": "How does the visible presence of Rwandan soldiers contrast with President Paul Kagame's diplomatic engagements amid the M23 offensive in the Democratic Republic of Congo?",
    "answer": "While President Kagame cultivates an image as a stable regional partner and engages nations like the UK and France, soldiers with 'RWANDA' patches are seen marching, contradicting Rwanda's denial of involvement.",
    "keypoints": {
      "video": [
        "Soldiers in camouflage uniforms with 'RWANDA' patches on their sleeves march in formation across a paved area."
      ],
      "text": [
        "Kagame has cultivated an image as a stable regional partner, engaging nations that could hold Rwanda accountable for actions in Congo.",
        "Kagame secured a UK asylum seeker deal, which the UK government later scrapped while affirming its intent to maintain close ties with Rwanda.",
        "French President Emmanuel Macron is mediating behind the scenes, having spoken with both Kagame and Congolese President Felix Tshisekedi.",
        "Rwanda’s government, led by President Paul Kagame, consistently denies supporting M23 despite contrary findings in multiple UN expert reports."
      ]
    }
  }
]