[
  {
    "question": "What method did police officers in riot gear use to disperse a crowd during a government building protest?",
    "answer": "Police officers used tear gas to disperse the crowd during the protest outside the government building.",
    "keypoints": [
      "Police officers in riot gear disperse a crowd using tear gas during a protest outside a government building."
    ]
  },
  {
    "question": "What were Rwandan soldiers doing in a paved area?",
    "answer": "Rwandan soldiers were marching in formation across the paved area.",
    "keypoints": [
      "Soldiers in camouflage uniforms with 'RWANDA' patches on their sleeves march in formation across a paved area."
    ]
  }
]