[
  {
    "question": "When did Alibaba release its Qwen 2.5 artificial intelligence model?",
    "answer": "Alibaba released its Qwen 2.5 artificial intelligence model on Wednesday, the first day of the Lunar New Year.",
    "keypoints": [
      "Alibaba released its Qwen 2.5 artificial intelligence model on Wednesday, the first day of the Lunar New Year."
    ]
  },
  {
    "question": "Which AI model does Alibaba claim its Qwen 2.5 surpasses in performance?",
    "answer": "Alibaba claims its Qwen 2.5 AI model surpasses the performance of DeepSeek V3.",
    "keypoints": [
      "Alibaba claims its Qwen 2.5 AI model surpasses the performance of DeepSeek V3."
    ]
  },
  {
    "question": "Which companies' most advanced open-source AI models does Alibaba state Qwen 2.5 outperforms?",
    "answer": "Alibaba states Qwen 2.5 outperforms the most advanced open-source AI models from DeepSeek, OpenAI, and Meta.",
    "keypoints": [
      "Alibaba states Qwen 2.5 outperforms the most advanced open-source AI models from DeepSeek, OpenAI, and Meta."
    ]
  },
  {
    "question": "What might the timing of Alibaba's Qwen 2.5 release during the Lunar New Year holiday indicate?",
    "answer": "The timing of Alibaba's Qwen 2.5 release during the Lunar New Year holiday may indicate competitive pressure from DeepSeek.",
    "keypoints": [
      "The timing of Alibaba's Qwen 2.5 release during the Lunar New Year holiday may indicate competitive pressure from DeepSeek."
    ]
  },
  {
    "question": "What impact did DeepSeek's release of its AI assistant have on Silicon Valley and technology stocks?",
    "answer": "DeepSeek's release of its AI assistant shocked Silicon Valley and caused technology company share prices to plunge.",
    "keypoints": [
      "DeepSeek's release of its AI assistant this month shocked Silicon Valley and caused technology company share prices to plunge."
    ]
  }
]
