[
  {
    "question": "What was the sales growth percentage and total sales amount for Amazon's cloud computing division?",
    "answer": "Amazon's cloud computing division saw total sales jump 133% to just over $43 billion.",
    "keypoints": [
      "Amazon's cloud computing division saw total sales jump 133% to just over $43 billion."
    ]
  },
  {
    "question": "How much was Amazon's net income for the first quarter and how did it change year-over-year?",
    "answer": "Amazon's net income more than tripled to over $10 billion in the first quarter.",
    "keypoints": [
      "Amazon's net income more than tripled to over $10 billion in the first quarter."
    ]
  }
]
