[
  {
    "question": "What were the stock price and percentage decrease for Tesla, and what brokerage action triggered this decline given the company's year-to-date performance?",
    "answer": "Tesla's stock price was $238.01 with a 4.79% decrease, triggered by brokerage Mizuho lowering its price target. Tesla stock is down more than 40% for the year.",
    "keypoints": {
      "video": [
        "Tesla's stock price is listed as $238.01 with a -4.79% decrease, accompanied by footage of Tesla vehicles parked in a showroom."
      ],
      "text": [
        "Tesla stock fell almost 5% after brokerage Mizuho lowered its price target on the electric vehicle maker.",
        "Tesla stock is down more than 40% for the year."
      ]
    }
  }
]