[
  {
    "question": "What were the latest values and percentage changes for the Dow Industrials, S&P 500, and NASDAQ?",
    "answer": "The Dow Industrials were at 41,842 with a 0.85% increase, the S&P 500 was at 5,675 with a 0.64% increase, and the NASDAQ was at 17,809 with a 0.31% increase.",
    "keypoints": [
      "A graphic displays U.S. market indices: Dow Industrials at 41,842 with a +0.85% increase, S&P 500 at 5,675 with a +0.64% increase, and NASDAQ at 17,809 with a +0.31% increase."
    ]
  },
  {
    "question": "What was Quantum Corp's latest stock price and its percentage change?",
    "answer": "Quantum Corp's stock price was $21.49 with a 40.09% increase.",
    "keypoints": [
      "D-Wave Quantum's stock price is noted at $11.18 with a +10.15% increase, followed by Quantum Corp's stock price at $21.49 with a +40.09% increase, alongside visuals of a quantum computer system."
    ]
  }
]