[
  {
    "question": "How many troops has the Democratic People's Republic of Korea (DPRK) deployed to the Russian Federation's Kursk region, and what strategic implication does this deployment carry?",
    "answer": "The Democratic People's Republic of Korea (DPRK) has deployed 8,000 troops to the Russian Federation's Kursk region, representing a dangerous expansion of military cooperation.",
    "keypoints": {
      "video": [
        "The U.S. says 8,000 North Korean troops are deployed in Russia's Kursk region, as stated by a representative at a United Nations meeting."
      ],
      "text": [
        "The DPRK's troop deployment in the Russian Federation represents a dangerous expansion."
      ]
    }
  }
]