[
  {
    "question": "What military action did Israel take against Beirut's southern suburbs following the U.S. push for a truce?",
    "answer": "Israel pounded Beirut's southern suburbs.",
    "keypoints": [
      "Israel pounds Beirut's southern suburbs after the U.S. pushes for a truce, as seen in scenes of destruction and debris."
    ]
  },
  {
    "question": "How many fatalities resulted from the floods in Spain, potentially Europe's worst storm disaster in decades?",
    "answer": "The floods in Spain killed at least 158 people.",
    "keypoints": [
      "Spain's floods kill at least 158 people in what could be Europe's worst storm-related disaster in decades, with streets filled with debris and damaged cars."
    ]
  }
]