[
  {
    "question": "What expressions of support for Eden Golan were displayed at the May 9, 2024 pro-Israeli protest in Malmö, Sweden, and what reason was given by a speaker for her Eurovision participation?",
    "answer": "Protesters waved Israeli and Swedish flags and displayed a sign reading 'Shalom We wish the best of luck to Eden Golan'. A speaker stated that Golan has an amazing voice and should be in the competition.",
    "keypoints": {
      "video": [
        "Protesters wave Israeli and Swedish flags during the demonstration on May 9, 2024.",
        "A sign held by a protester reads 'Shalom We wish the best of luck to Eden Golan,' indicating support for the contestant."
      ],
      "text": [
        "The speaker states that Golan has an amazing voice and should be in the competition."
      ]
    }
  },
  {
    "question": "What was the primary purpose of the gathering in Malmö supporting Eden Golan, and what assertion was made about the necessity of attendance?",
    "answer": "The gathering was a pro-Israeli protest to support Israel's Eurovision contestant Eden Golan. A speaker asserted that attendees should be at the event.",
    "keypoints": {
      "video": [
        "Around a hundred people gather at a pro-Israeli protest in Malmö, Sweden, to support Israel's Eurovision contestant Eden Golan."
      ],
      "text": [
        "The speaker asserts they should be at the event."
      ]
    }
  }
]