[
  {
    "question": "How many people attended the pro-Israeli protest supporting Eden Golan in Malmö, Sweden?",
    "answer": "Around a hundred people gathered at the protest.",
    "keypoints": [
      "Around a hundred people gather at a pro-Israeli protest in Malmö, Sweden, to support Israel's Eurovision contestant Eden Golan."
    ]
  },
  {
    "question": "What message was displayed on a protester's sign at the Malmö demonstration supporting Israel's Eurovision contestant on May 9, 2024?",
    "answer": "The sign read 'Shalom We wish the best of luck to Eden Golan.'",
    "keypoints": [
      "A sign held by a protester reads 'Shalom We wish the best of luck to Eden Golan,' indicating support for the contestant."
    ]
  }
]