[
  {
    "question": "What event occurred in Ashkelon, Israel on October 7, 2023, marking the start of the Israel-Hamas war, and what event took place in Beit Guvrin, Israel on October 31, 2023, reflecting the conflict's impact?",
    "answer": "On October 7, 2023, a large blaze engulfed multiple vehicles in Ashkelon, Israel, coinciding with Hamas militants' attacks that initiated the war. On October 31, 2023, a funeral procession was held in Beit Guvrin, Israel, with mourners gathered around a casket draped with an Israeli flag, reflecting the human toll of the conflict.",
    "keypoints": {
      "video": [
        "Firefighters battle a large blaze engulfing multiple vehicles in Ashkelon, Israel on October 7, 2023, as thick black smoke rises into the sky.",
        "A funeral procession takes place in Beit Guvrin, Israel on October 31, 2023, with mourners gathered around a casket draped with an Israeli flag."
      ],
      "text": [
        "The war began on October 7th when Hamas militants killed more than 1,200 people, mostly civilians, in Israeli communities and took 253 hostages into Gaza."
      ]
    }
  },
  {
    "question": "What challenges have affected the accuracy of the Palestinian Health Ministry's death toll in Gaza, and what specific conditions in Gaza City on June 25, 2024, exemplified these reporting difficulties?",
    "answer": "Challenges include the addition of deaths reported online by family members and degraded information quality due to internet blackouts and loss of personnel. A nighttime scene of fire and destruction in Gaza City on June 25, 2024, exemplified the chaotic conditions hindering accurate casualty reporting.",
    "keypoints": {
      "video": [
        "A nighttime scene depicts a chaotic environment with fire and destruction in Gaza City, Gaza on June 25, 2024."
      ],
      "text": [
        "Deaths reported online by family members are now added to the Palestinian Health Ministry toll.",
        "Information quality from Gaza has declined due to internet blackouts and the loss of personnel who were killed, injured, or left."
      ]
    }
  },
  {
    "question": "What is the reported death toll from Israel's campaign in Gaza according to Palestinian Health authorities, and what does a procession carrying a body wrapped in a Palestinian flag signify about the casualties?",
    "answer": "Palestinian Health authorities report over 39,000 deaths, mostly civilians. A procession carrying a body wrapped in a Palestinian flag signifies the national or cultural significance of the casualties within the conflict context.",
    "keypoints": {
      "video": [
        "People carry a body wrapped in a Palestinian flag, marching in a procession that suggests a political or cultural significance."
      ],
      "text": [
        "Palestinian Health authorities report that Israel's ground and air campaign in Gaza has killed more than 39,000 people, mostly civilians."
      ]
    }
  }
]