[
  {
    "question": "What event occurred in Ashkelon, Israel on October 7, 2023?",
    "answer": "Firefighters battled a large blaze engulfing multiple vehicles, with thick black smoke rising into the sky.",
    "keypoints": [
      "Firefighters battle a large blaze engulfing multiple vehicles in Ashkelon, Israel on October 7, 2023, as thick black smoke rises into the sky."
    ]
  },
  {
    "question": "What was the situation in Gaza City, Gaza on June 25, 2024?",
    "answer": "A chaotic environment with fire and destruction occurred.",
    "keypoints": [
      "A nighttime scene depicts a chaotic environment with fire and destruction in Gaza City, Gaza on June 25, 2024."
    ]
  }
]