[
  {
    "question": "What strategy did CEO Brian Nickel propose to resume Starbucks' growth?",
    "answer": "Brian Nickel stated Starbucks needs to implement his 'back to Starbucks' plan to resume growth.",
    "keypoints": [
      "CEO Brian Nickel stated Starbucks needs to change its strategy to resume growth through his 'back to Starbucks' plan."
    ]
  },
  {
    "question": "What was the primary cause of Starbucks' sales revenue and profit decline in Tuesday's results?",
    "answer": "The decline was primarily due to low demand in the U.S. market.",
    "keypoints": [
      "Tuesday's results showed sales revenue and profit declined primarily because of low demand in the U.S. market."
    ]
  },
  {
    "question": "What caution did Starbucks' Chief Financial Officer provide about the company's improvement plan?",
    "answer": "Starbucks' Chief Financial Officer stated the improvement plan is being developed but warned it will take time.",
    "keypoints": [
      "Starbucks' Chief Financial Officer stated the company is developing an improvement plan but warned it will take time."
    ]
  }
]
