[
  {
    "question": "What impact did the power outage at Heathrow Airport have on train services, and how did passengers at London's main train stations respond?",
    "answer": "The power outage caused the cancellation of Heathrow Express and other train services to the airport, leading passengers to scramble for alternative travel plans at London's main train stations.",
    "keypoints": {
      "video": [
        "Heathrow Airport's departure boards indicate that trains to Heathrow Express and Heathrow Airport have been canceled due to the power outage."
      ],
      "text": [
        "Some passengers scrambled for alternative travel plans at London's main train stations."
      ]
    }
  }
]