[
  {
    "question": "What caused the closure of Heathrow Airport and until when is it expected to last?",
    "answer": "A fire at an electrical substation supplying Heathrow Airport caused a significant power outage, leading to the airport's closure until 23:59 on March 21.",
    "keypoints": [
      "A fire at an electrical substation supplying Heathrow Airport has caused a significant power outage, leading to the closure of the airport until 23:59 on March 21."
    ]
  },
  {
    "question": "What is the current situation at the scene of the fire affecting Heathrow Airport?",
    "answer": "Emergency services are present with visible smoke and flames near traffic lights and roadways.",
    "keypoints": [
      "Emergency services are present at the scene of the fire, with visible smoke and flames near traffic lights and roadways."
    ]
  }
]