[
  {
    "question": "Following the agreement between Panama and Costa Rica to repatriate migrants, what solution addresses the situation of individuals seen waiting indoors with luggage and resting outdoors near gated entrances?",
    "answer": "Panama and Costa Rica will shelter and repatriate migrants via air or sea to their countries of origin—coordinated with the U.S.—addressing the needs of those seen waiting indoors with luggage and resting outdoors near gated entrances.",
    "keypoints": {
      "video": [
        "A group of people is seated indoors on benches, waiting with their luggage beside them.",
        "A man lies on the ground near a potted plant outside a gated entrance at night."
      ],
      "text": [
        "Panama's Ministry of Public Security stated on Tuesday that Panama and Costa Rica agreed on a process to shelter and repatriate 'reverse flow' migrants by air or sea to their countries of origin.",
        "The repatriation process agreed upon by Panama and Costa Rica is being coordinated with the U.S."
      ]
    }
  }
]