[
  {
    "question": "Why did migrants attribute their situation to the Trump Administration's policies?",
    "answer": "They attributed it to the tightening of U.S. immigration policies, including deportations and termination of the CBP1 program.",
    "keypoints": [
      "The migrants attributed their situation to the new Trump Administration tightening U.S. immigration policies, including deportations and ending the CBP1 program."
    ]
  },
  {
    "question": "What function did the terminated CBP1 program serve for migrants?",
    "answer": "The CBP1 program allowed migrants to schedule asylum request appointments at legal U.S. border crossings.",
    "keypoints": [
      "The terminated CBP1 program had allowed migrants to schedule asylum request appointments at a legal U.S. border crossing."
    ]
  }
]
