[
  {
    "question": "What reason did Tesla give for raising Model 3 prices in Europe?",
    "answer": "Tesla attributed the Model 3 price increase in Europe to the European Union's new tariffs on China-made vehicles.",
    "keypoints": [
      "Tesla attributed the price increase for its Model 3 cars in Europe to the European Union's new tariffs on China-made vehicles."
    ]
  },
  {
    "question": "What are the provisional tariff rates imposed by the European Union on Chinese electric vehicles?",
    "answer": "The European Union imposed provisional tariffs of up to 37.6% on electric vehicles imported from China.",
    "keypoints": [
      "The European Union imposed provisional tariffs of up to 37.6% on electric vehicles imported from China."
    ]
  },
  {
    "question": "What tariff rate did Tesla receive for its China-made Model 3 after cooperating with the European probe?",
    "answer": "Tesla received a tariff rate of 20.8% on its China-made Model 3 after being classed as cooperating with the European probe into Chinese subsidies.",
    "keypoints": [
      "Tesla received a lower tariff rate of 20.8% on its China-made Model 3 after being classed as cooperating with the European probe into Chinese subsidies."
    ]
  }
]
