[
  {
    "question": "Why is San Basilio de Palenque described as 'a corner of Africa in Colombia'?",
    "answer": "Because it was founded by escaped slaves in the 17th century who preserved African cultural elements, including music traditions.",
    "keypoints": {
      "video": [
        "San Basilio de Palenque is described as 'a corner of Africa in Colombia,' reflecting its unique cultural identity."
      ],
      "text": [
        "Escaped slaves formed the village of San Basilio de Palenque in the 17th century, preserving African cultural elements including music."
      ]
    }
  },
  {
    "question": "What two Colombian villages highlighted on the map are significant to cumbia's origins, and what award did the Gaiteros de San Jacinto win in 2007?",
    "answer": "San Basilio de Palenque and San Jacinto are significant to cumbia's origins, and the Gaiteros de San Jacinto won a Latin Grammy in 2007 for their folk album.",
    "keypoints": {
      "video": [
        "The map highlights San Basilio de Palenque and San Jacinto in Colombia."
      ],
      "text": [
        "Escaped slaves formed the village of San Basilio de Palenque in the 17th century, preserving African cultural elements including music.",
        "The Gaiteros de San Jacinto, a musical group playing cumbia since the 1950s, won a Latin Grammy in 2007 for their folk album."
      ]
    }
  },
  {
    "question": "What instruments are played by Los Gaiteros de San Jacinto in their traditional cumbia performance, and which cultural tradition does the flutes represent?",
    "answer": "Los Gaiteros de San Jacinto play drums and flutes, with the flutes representing the indigenous Colombian contribution to cumbia.",
    "keypoints": {
      "video": [
        "Los Gaiteros de San Jacinto perform traditional music with drums and flutes."
      ],
      "text": [
        "The indigenous contribution to cumbia includes instruments like the Gaita flute and maracas, played by groups like the Gaiteros de San Jacinto."
      ]
    }
  },
  {
    "question": "What three countries are the origins of cumbia artists 18 Kilates, Mitre, and El Dusty, demonstrating cumbia's international spread?",
    "answer": "18 Kilates originates from Argentina, Mitre from Mexico, and El Dusty from the USA, demonstrating cumbia's international spread.",
    "keypoints": {
      "video": [
        "The band 18 Kilates is identified as being from Argentina.",
        "Mitre is noted as a musician from Mexico.",
        "El Dusty is introduced as an artist from the USA."
      ],
      "text": [
        "Cumbia has spread throughout Latin America over the past century, continuing to evolve while retaining its core beat."
      ]
    }
  },
  {
    "question": "What European influences on cumbia are exemplified through Yeison Landero's discussion and his family history?",
    "answer": "Spanish influence on cumbia singing, as discussed by Yeison Landero, and the introduction of the accordion adopted by his grandfather Andres Landero, known as the 'King of cumbia'.",
    "keypoints": {
      "video": [
        "Yeison Landero discusses the Spanish influence on cumbia singing."
      ],
      "text": [
        "A later European influence introduced the accordion to cumbia, notably adopted by the grandfather of musician Yeison, known as the 'King of cumbia'."
      ]
    }
  }
]