[
  {
    "question": "What musical elements does Shakira incorporate into her concert performances, particularly during drum solos?",
    "answer": "Shakira incorporates cumbia rhythms and freestyle dancing into her concert performances, often during drum solos.",
    "keypoints": [
      "Shakira incorporates cumbia rhythms and freestyle dancing into her concert performances, often during drum solos."
    ]
  },
  {
    "question": "Where did cumbia music originate geographically?",
    "answer": "Cumbia originated near the Caribbean coast of Colombia, specifically in villages along the Magdalena River.",
    "keypoints": [
      "Cumbia originated near the Caribbean coast of Colombia, specifically in villages along the Magdalena River."
    ]
  },
  {
    "question": "Which cultural traditions are blended in cumbia music?",
    "answer": "Cumbia is a musical fusion blending African, indigenous Colombian, and European traditions.",
    "keypoints": [
      "Cumbia is a musical fusion blending African, indigenous Colombian, and European traditions."
    ]
  },
  {
    "question": "What is the origin of cumbia's foundational drumbeat?",
    "answer": "The foundational drumbeat of cumbia originated from African rhythms brought by enslaved people.",
    "keypoints": [
      "The foundational drumbeat of cumbia originated from African rhythms brought by enslaved people."
    ]
  },
  {
    "question": "Who formed San Basilio de Palenque in the 17th century and what cultural elements did they preserve?",
    "answer": "Escaped slaves formed the village of San Basilio de Palenque in the 17th century, preserving African cultural elements including music.",
    "keypoints": [
      "Escaped slaves formed the village of San Basilio de Palenque in the 17th century, preserving African cultural elements including music."
    ]
  }
]
