[
  {
    "question": "How is San Basilio de Palenque described in relation to its cultural identity?",
    "answer": "San Basilio de Palenque is described as 'a corner of Africa in Colombia,' reflecting its unique cultural identity.",
    "keypoints": [
      "San Basilio de Palenque is described as 'a corner of Africa in Colombia,' reflecting its unique cultural identity."
    ]
  },
  {
    "question": "What materials does Gabriel Torregrosa use to make maracas?",
    "answer": "Gabriel Torregrosa makes maracas using dried gourds and seeds.",
    "keypoints": [
      "Gabriel Torregrosa demonstrates how to make maracas using dried gourds and seeds."
    ]
  },
  {
    "question": "What instruments do Los Gaiteros de San Jacinto use in their traditional music performances?",
    "answer": "Los Gaiteros de San Jacinto perform traditional music with drums and flutes.",
    "keypoints": [
      "Los Gaiteros de San Jacinto perform traditional music with drums and flutes."
    ]
  },
  {
    "question": "How was Aniceto Molina introduced to the accordion?",
    "answer": "Aniceto Molina met a traveler who introduced him to the accordion.",
    "keypoints": [
      "Aniceto Molina met a traveler who introduced him to the accordion."
    ]
  },
  {
    "question": "What is Andres Landero known as in the music industry?",
    "answer": "Andres Landero is known as the King of Cumbia.",
    "keypoints": [
      "The video features album covers of Andres Landero, known as the King of Cumbia."
    ]
  }
]