[
  {
    "question": "Which group is set to release the first hostages under the Gaza ceasefire deal according to Israeli officials?",
    "answer": "Hamas is set to release the first hostages under the Gaza ceasefire deal, as confirmed by Israeli officials.",
    "keypoints": [
      "Israeli officials confirm Hamas is set to release first hostages under Gaza ceasefire deal."
    ]
  },
  {
    "question": "What sentence did Pakistan's former Prime Minister Imran Khan receive in the land graft case?",
    "answer": "Pakistan's former Prime Minister Imran Khan was sentenced to 14-year imprisonment in a land graft case.",
    "keypoints": [
      "Pakistan's former Prime Minister Imran Khan is sentenced to 14-year imprisonment in a land graft case."
    ]
  }
]