[
  {
    "question": "What activity is occurring at the Organization of the Petroleum Exporting Countries (OPEC) building?",
    "answer": "People are gathered outside the entrance, indicating a meeting or event.",
    "keypoints": [
      "The Organization of the Petroleum Exporting Countries (OPEC) building is visible, with people gathered outside its entrance, indicating a meeting or event."
    ]
  },
  {
    "question": "Which company's logo appears on the large storage tanks in the desert environment?",
    "answer": "The storage tanks bear the logo of Saudi Aramco.",
    "keypoints": [
      "Large storage tanks bearing the logo of Saudi Aramco are positioned in a desert environment under a clear blue sky."
    ]
  }
]