[
  {
    "question": "What protective measures are required following Social Development Minister Javiera Toro's acknowledgment of cold-wave challenges and Santiago's 29°F record low temperature?",
    "answer": "Reinforcing operations to protect homeless people are required following Social Development Minister Javiera Toro's acknowledgment of challenges from dropping temperatures and Santiago's record low of 29 degrees Fahrenheit, due to winter's heightened dangers for unsheltered individuals.",
    "keypoints": {
      "video": [
        "Javiera Toro, the Social Development Minister of Chile, speaks to reporters about the challenges posed by dropping temperatures for people living on the streets.",
        "A sign indicates that Santiago recently hit its lowest recorded temperature at 29 degrees Fahrenheit, according to the country's meteorological service."
      ],
      "text": [
        "The situation requires reinforcing operations to protect homeless people.",
        "Winter poses a particularly dangerous situation for people living on the street."
      ]
    }
  }
]