[
  {
    "question": "What are unhoused people and street vendors in Santiago, Chile, doing to cope with the cold wave?",
    "answer": "They are warming themselves near fires.",
    "keypoints": [
      "Unhoused people and vendors in the streets of Chile's capital are grappling with a biting cold wave, as shown by individuals warming themselves near fires."
    ]
  },
  {
    "question": "What specific temperature record did Santiago reach during the cold wave according to Chile's meteorological service?",
    "answer": "29 degrees Fahrenheit.",
    "keypoints": [
      "A sign indicates that Santiago recently hit its lowest recorded temperature at 29 degrees Fahrenheit, according to the country's meteorological service."
    ]
  }
]