[
  {
    "question": "What justification did the Egyptian government provide for quadrupling subsidized bread prices, and what specific setting features prominently in coverage of this policy change?",
    "answer": "The government attributed the price increase to soaring costs for imported wheat, with bustling market streets featuring various vendors serving as a prominent backdrop in coverage of this decision.",
    "keypoints": {
      "video": [
        "A man wearing a pink and blue striped shirt stands in front of a bustling market street, with various stalls and people visible in the background."
      ],
      "text": [
        "The Egyptian government attributed the price increase to soaring costs for imported wheat."
      ]
    }
  },
  {
    "question": "What criticism did Timothy Kalash of the Tahir Institute level against the bread subsidy reduction, and in what environment was his statement recorded?",
    "answer": "Timothy Kalash stated the government is making a mistake by raising the bread price, with his critique delivered in an indoor setting during a formal address.",
    "keypoints": {
      "video": [
        "A man in a suit and glasses addresses the camera in an indoor setting."
      ],
      "text": [
        "Timothy Kalash from the Tahir Institute for Middle East Policy stated the government is making a mistake by raising the bread price."
      ]
    }
  }
]