[
  {
    "question": "What change did the Egyptian government make to subsidized bread prices on June 1st?",
    "answer": "The Egyptian government quadrupled the price of subsidized bread provided to the poor.",
    "keypoints": [
      "The Egyptian government quadrupled the price of subsidized bread provided to the poor on June 1st."
    ]
  },
  {
    "question": "How many people in Egypt are eligible for subsidized bread priced below one US cent per loaf?",
    "answer": "Approximately 70 million people in Egypt can purchase subsidized bread at less than one US cent per loaf.",
    "keypoints": [
      "Subsidized bread is still available to approximately 70 million people priced at less than one US cent per loaf."
    ]
  },
  {
    "question": "How is the Egyptian government compensating for the bread subsidy reduction?",
    "answer": "The Egyptian government claims it is expanding social security safety nets to help compensate for the subsidy cut.",
    "keypoints": [
      "The Egyptian government claims it is expanding social security safety nets to help compensate for the subsidy cut."
    ]
  }
]
