[
  {
    "question": "What financial targets did Tui confirm after a strong summer season?",
    "answer": "Tui confirmed its annual guidance and midterm targets.",
    "keypoints": [
      "Tui confirmed its annual guidance and midterm targets following a strong summer season."
    ]
  },
  {
    "question": "How much did Tui shares rise and what milestone did they achieve?",
    "answer": "Tui shares rose 2%, reaching their highest level in two months.",
    "keypoints": [
      "Tui shares rose 2%, reaching their highest level in two months."
    ]
  },
  {
    "question": "What operating profit increase did Tui forecast for this year?",
    "answer": "Tui forecast operating profit to increase by 25% this year.",
    "keypoints": [
      "Tui forecast operating profit to increase by 25% this year."
    ]
  }
]
