[
  {
    "question": "Where is the TUI bus parked while passengers board with their luggage?",
    "answer": "The TUI bus is parked in a lot lined with palm trees as passengers board with luggage.",
    "keypoints": [
      "Passengers with luggage board a TUI bus parked in a lot lined with palm trees."
    ]
  },
  {
    "question": "What feature appears in the background of the crowded beach scene with people under umbrellas?",
    "answer": "Cranes are visible in the background of the crowded beach scene where people relax under umbrellas.",
    "keypoints": [
      "A crowded beach scene shows people relaxing under umbrellas, with cranes visible in the background."
    ]
  }
]