[
  {
    "question": "What is the name and location of the annual event where Mexican families separated by the US-Mexico border briefly reunite, and what is its primary purpose?",
    "answer": "The event is called 'Hugs not Walls', held in Ciudad Juarez, Mexico, and its primary purpose is to enable meetings between people and relatives they cannot otherwise visit due to border restrictions.",
    "keypoints": {
      "video": [
        "Mexican families separated by the border with the US share a brief embrace at the annual 'Hugs not Walls' event in Ciudad Juarez, Mexico."
      ],
      "text": [
        "The speaker stated that the described event enables meetings between people and relatives they cannot otherwise visit."
      ]
    }
  },
  {
    "question": "Who represented the Border Network for Human Rights at the event addressing family separations, and what specific policies did the organization identify as the cause of these separations?",
    "answer": "Fernando Garcia represented the Border Network for Human Rights, and the organization identified border deportation and immigration policies as the cause of family separations.",
    "keypoints": {
      "video": [
        "Fernando Garcia from The Border Network for Human Rights addresses the media, holding a microphone, with a backdrop of the river and attendees."
      ],
      "text": [
        "The speaker identified border deportation and immigration policies as the cause of family separations."
      ]
    }
  }
]