[
  {
    "question": "How did the speaker characterize the situation of people seeking a better life?",
    "answer": "It was characterized as a human crisis where many people die while looking for a better life.",
    "keypoints": [
      "The speaker characterized the situation as a human crisis where many people die while looking for a better life."
    ]
  },
  {
    "question": "Which demographic group is significantly affected by family separation close to elections according to the speaker?",
    "answer": "Latino families are significantly impacted by family separation close to the election.",
    "keypoints": [
      "The speaker asserted that family separation significantly impacts Latino families close to the election."
    ]
  }
]
