[
  {
    "question": "What is the name and location of the annual event where Mexican families separated by the US-Mexico border share brief embraces?",
    "answer": "The annual 'Hugs not Walls' event in Ciudad Juarez, Mexico allows Mexican families separated by the border to share brief embraces.",
    "keypoints": [
      "Mexican families separated by the border with the US share a brief embrace at the annual 'Hugs not Walls' event in Ciudad Juarez, Mexico."
    ]
  },
  {
    "question": "Which organization's name appears on the shirts of participants exchanging hugs near the riverbank?",
    "answer": "Participants wear shirts with 'Border Network for Human Rights' written on them while exchanging hugs and emotional greetings near the riverbank.",
    "keypoints": [
      "A group of people wearing shirts with \"Border Network for Human Rights\" written on them gather near a riverbank, exchanging hugs and emotional greetings."
    ]
  }
]