[
  {
    "question": "What event caused the halt in production of Boeing's 737 Max, 767, and 777 jets, and how are the striking workers expressing their sentiment?",
    "answer": "The production halt was caused by an ongoing strike by 33,000 U.S. West Coast workers, who are expressing their sentiment through signs reading 'ON STRIKE' and 'We Devoted Our Lives to Boeing'.",
    "keypoints": {
      "video": [
        "Protesters hold signs reading 'ON STRIKE' and 'We Devoted Our Lives to Boeing,' indicating a labor dispute at Boeing facilities."
      ],
      "text": [
        "Production of the 737 Max, 767, and 777 jets halted due to an ongoing strike by 33,000 U.S. West Coast workers."
      ]
    }
  },
  {
    "question": "What financial consequences and credit risks has Boeing faced due to the ongoing strike, and what sentiment are workers expressing through their protests?",
    "answer": "The strike is costing Boeing $1 billion per month and risks the company losing its investment-grade credit rating, while workers express sentiment through signs reading 'ON STRIKE' and 'We Devoted Our Lives to Boeing'.",
    "keypoints": {
      "video": [
        "Protesters hold signs reading 'ON STRIKE' and 'We Devoted Our Lives to Boeing,' indicating a labor dispute at Boeing facilities."
      ],
      "text": [
        "S&P estimated the strike is costing Boeing $1 billion per month.",
        "S&P stated Boeing risks losing its investment-grade credit rating."
      ]
    }
  }
]