[
  {
    "question": "How many jobs does Boeing plan to eliminate and what percentage of its global workforce does this represent?",
    "answer": "Boeing plans to eliminate 177,000 jobs, representing 10% of its global workforce.",
    "keypoints": [
      "Boeing plans to eliminate 177,000 jobs, representing 10% of its global workforce."
    ]
  },
  {
    "question": "How much in losses does Boeing expect to record in the third quarter?",
    "answer": "Boeing expects to record $5 billion in losses in the third quarter.",
    "keypoints": [
      "Boeing expects to record $5 billion in losses in the third quarter."
    ]
  },
  {
    "question": "Why did Boeing CEO Kelly Ortberg state that downsizing is necessary?",
    "answer": "Kelly Ortberg stated downsizing is necessary to align with the company's financial reality.",
    "keypoints": [
      "Boeing CEO Kelly Ortberg stated downsizing is necessary to align with the company's financial reality."
    ]
  },
  {
    "question": "What caused the production halt of Boeing's 737 Max, 767, and 777 jets?",
    "answer": "Production halted due to an ongoing strike by 33,000 U.S. West Coast workers.",
    "keypoints": [
      "Production of the 737 Max, 767, and 777 jets halted due to an ongoing strike by 33,000 U.S. West Coast workers."
    ]
  },
  {
    "question": "What did Boeing accuse the International Association of Machinists and Aerospace Workers of?",
    "answer": "Boeing accused the International Association of Machinists and Aerospace Workers of failing to bargain in good faith.",
    "keypoints": [
      "Boeing accused the International Association of Machinists and Aerospace Workers of failing to bargain in good faith."
    ]
  },
  {
    "question": "How much per month did S&P estimate the strike is costing Boeing?",
    "answer": "S&P estimated the strike is costing Boeing $1 billion per month.",
    "keypoints": [
      "S&P estimated the strike is costing Boeing $1 billion per month."
    ]
  }
]
