[
  {
    "question": "Following the Trump Administration's move to shut down USAID, what messages were displayed on protest signs outside its headquarters, and which U.S. Senators joined the protesters in opposition?",
    "answer": "The protest signs read 'SAVE USAID SAVES LIVES' and 'DEMOCRACY DIES IN COMPLACENCY'. Democratic Senators Brian Schatz and Chris Van Hollen stood with the protesters and planned to block confirmation of Trump nominees for State Department positions in retaliation.",
    "keypoints": {
      "video": [
        "Protesters gather outside a building, holding signs that read 'SAVE USAID SAVES LIVES' and 'DEMOCRACY DIES IN COMPLACENCY', while an older man in a suit and scarf speaks into microphones surrounded by a crowd."
      ],
      "text": [
        "Democratic Senators Brian Schatz and Chris Van Hollen stood with protesters and planned to block confirmation of Trump nominees for State Department positions in retaliation."
      ]
    }
  }
]