[
  {
    "question": "Why did furloughed employees and contractors protest in front of USAID headquarters?",
    "answer": "They protested after the Trump Administration moved to shut down the agency.",
    "keypoints": [
      "Furloughed employees and contractors protested in front of the USAID headquarters after the Trump Administration moved to shut down the agency."
    ]
  },
  {
    "question": "What triggered the lockout of USAID employees from their headquarters?",
    "answer": "President Trump ordered a freeze on most U.S. foreign aid hours after taking office.",
    "keypoints": [
      "USAID employees have been locked out of its headquarters since President Trump ordered a freeze on most U.S. foreign aid hours after taking office."
    ]
  },
  {
    "question": "What percentage of UN-tracked humanitarian aid did USAID provide in 2024?",
    "answer": "USAID provided 42% of all humanitarian aid tracked by the United Nations in 2024.",
    "keypoints": [
      "USAID distributes billions of dollars of humanitarian aid globally, providing 42% of all humanitarian aid tracked by the United Nations in 2024."
    ]
  },
  {
    "question": "What percentage of the U.S. federal budget is allocated to foreign aid?",
    "answer": "U.S. foreign aid accounts for less than 1% of the total United States federal budget.",
    "keypoints": [
      "U.S. foreign aid accounts for less than 1% of the total United States federal budget."
    ]
  },
  {
    "question": "What role does Elon Musk have regarding USAID and federal government downsizing?",
    "answer": "Billionaire Elon Musk has advocated for USAID's closure and is tasked with downsizing the federal government.",
    "keypoints": [
      "Billionaire Elon Musk has advocated for USAID's closure and is tasked with downsizing the federal government."
    ]
  },
  {
    "question": "What two actions is President Trump considering for USAID according to White House sources?",
    "answer": "President Trump is considering merging USAID into the State Department and has entrusted Elon Musk to oversee the agency's efficiency.",
    "keypoints": [
      "A senior anonymous White House official stated President Trump is considering merging USAID into the State Department and entrusted Elon Musk to oversee the agency's efficiency."
    ]
  }
]
