[
  {
    "question": "What were the stock price changes for Hewlett Packard Enterprise and Costco Wholesale on March 7, 2025, and what specific reasons caused each company's decline?",
    "answer": "Hewlett Packard Enterprise's stock decreased by 11.97% to $15.81 due to US tariffs impacting its annual profit forecast, while Costco Wholesale's stock declined by 6.07% to $964.31 after missing quarterly earnings estimates from increased merchandise costs.",
    "keypoints": {
      "video": [
        "Hewlett Packard Enterprise's stock price is listed at $15.81 with a decrease of 11.97%.",
        "Costco Wholesale's stock price is shown as $964.31 with a decline of 6.07%."
      ],
      "text": [
        "Hewlett Packard Enterprise shares slumped after the company said its annual profit forecast would be hit by US tariffs.",
        "Costco shares fell after the retailer missed Wall Street estimates on quarterly earnings due to increased merchandise costs."
      ]
    }
  }
]