[
  {
    "question": "Despite workers actively assembling car parts on a factory line, why did China's manufacturing PMI remain in contraction territory for the fifth consecutive month in September, and what additional stimulus measure is anticipated to support businesses?",
    "answer": "China's manufacturing PMI remained at 49.8 in September due to persistent economic challenges. Further anticipated stimulus measures include issuing special bonds to fund increased subsidies for business equipment.",
    "keypoints": {
      "video": [
        "Workers in a factory are assembling car parts on an assembly line, with one worker attaching components to the underside of a vehicle."
      ],
      "text": [
        "China's manufacturing Purchasing Managers' Index (PMI) rose slightly to 49.8 in September but remained below the 50-point threshold indicating contraction for the fifth consecutive month.",
        "Further anticipated stimulus measures include issuing special bonds to fund increased subsidies for consumer goods and business equipment."
      ]
    }
  }
]