[
  {
    "question": "What event caused the displacement of people to the Focus Congo refugee camp in Kabati, and what type of environment is shown in the video where the camp is located?",
    "answer": "The displacement was caused by two years of clashes between the Congolese Army and M23 rebels, and the camp is located in a village environment with simple structures and green surroundings.",
    "keypoints": {
      "video": [
        "People are seen walking through a village with simple structures and green surroundings."
      ],
      "text": [
        "Two years of clashes between the Congolese Army and M23 rebels displaced hundreds of thousands of people to camps like Focus Congo in Kabati."
      ]
    }
  },
  {
    "question": "In what specific refugee camp are children receiving weekly chess lessons, and in what type of outdoor setting are these lessons conducted as depicted?",
    "answer": "Children receive weekly chess lessons at the Focus Congo refugee camp in Kabati, eastern Democratic Republic of Congo, conducted in an outdoor setting with a chessboard laid on the ground.",
    "keypoints": {
      "video": [
        "Children and adults gather around a chessboard laid on the ground, actively playing chess in an outdoor setting."
      ],
      "text": [
        "Children at the Focus Congo refugee camp in Kabati, eastern Democratic Republic of Congo, experience weekly chess lessons taught by players from a club in Goma."
      ]
    }
  },
  {
    "question": "What behavioral change in children at the Focus Congo camp does Claude BR attribute to the chess program, and how is an adult shown facilitating this change during gameplay?",
    "answer": "Claude BR attributes a shift from dangerous games to high concentration in children to the chess program, with an adult shown guiding children on their moves during a chess game to reinforce this change.",
    "keypoints": {
      "video": [
        "An adult interacts with children during a chess game, guiding them on their moves."
      ],
      "text": [
        "Claude BR, director of the association managing the Focus Congo camp, observes that children previously played dangerous games but now show high concentration due to the chess program."
      ]
    }
  },
  {
    "question": "What is the threefold purpose of the chess program at the Focus Congo refugee camp, and what object is shown prepared for gameplay in the video?",
    "answer": "The chess program aims to break the cycle of conflict by occupying children's minds, eliminating stress, and teaching peaceful problem-solving, with a chessboard and pieces set up on a checkered cloth shown ready for play.",
    "keypoints": {
      "video": [
        "A chessboard with pieces is set up on a checkered cloth on the ground, ready for play."
      ],
      "text": [
        "The chess program aims to break the cycle of conflict by occupying children's minds, eliminating stress, and teaching peaceful problem-solving."
      ]
    }
  }
]