[
  {
    "question": "What activity do children at the Focus Congo refugee camp in Kabati, eastern Democratic Republic of Congo, participate in weekly?",
    "answer": "They participate in weekly chess lessons taught by players from a chess club in Goma.",
    "keypoints": [
      "Children at the Focus Congo refugee camp in Kabati, eastern Democratic Republic of Congo, experience weekly chess lessons taught by players from a club in Goma."
    ]
  },
  {
    "question": "According to Aili Bash Lenda, founder of the Goma chess club, how does growing up in refugee camps affect young minds?",
    "answer": "It shapes young minds through exposure to conflict.",
    "keypoints": [
      "Aili Bash Lenda, founder of the Goma chess club, states that growing up in refugee camps shapes young minds through conflict exposure."
    ]
  },
  {
    "question": "What three methods does the chess program use to break the cycle of conflict in eastern Democratic Republic of Congo?",
    "answer": "The program occupies children's minds, eliminates stress, and teaches peaceful problem-solving.",
    "keypoints": [
      "The chess program aims to break the cycle of conflict by occupying children's minds, eliminating stress, and teaching peaceful problem-solving."
    ]
  },
  {
    "question": "What three factors have fueled decades of violence in eastern Democratic Republic of Congo?",
    "answer": "Armed groups have fought over national identity, ethnicity, and resources.",
    "keypoints": [
      "Eastern Democratic Republic of Congo has endured decades of violence involving armed groups fighting over national identity, ethnicity, and resources."
    ]
  }
]
