[
  {
    "question": "What does the 'CHESS IN CITY' banner promote?",
    "answer": "The 'CHESS IN CITY' banner promotes chess as a tool for education among children and communities.",
    "keypoints": [
      "A banner reads 'CHESS IN CITY' promoting chess as a tool for education among children and communities."
    ]
  },
  {
    "question": "How does an adult interact with children during the outdoor chess game?",
    "answer": "The adult guides the children on their chess moves during the game.",
    "keypoints": [
      "An adult interacts with children during a chess game, guiding them on their moves."
    ]
  }
]