[
  {
    "question": "What was Elon Musk's public reaction to the news about Calin Georgescu being banned from Romania's presidential race?",
    "answer": "Elon Musk tweeted 'This is crazy!' in response to the breaking news story about Romania banning Calin Georgescu from running for President.",
    "keypoints": [
      "A tweet from Elon Musk reads, 'This is crazy!' in response to a breaking news story about Romania banning Calin Georgescu from running for President."
    ]
  },
  {
    "question": "What specific police force was present during the night-time demonstration with Romanian protesters?",
    "answer": "Police officers in riot gear labeled 'JANDARMERIA' formed a line facing the crowd of protesters.",
    "keypoints": [
      "A large group of police officers in riot gear labeled 'JANDARMERIA' form a line facing a crowd of protesters at night, with some holding Romanian flags."
    ]
  }
]