[
  {
    "question": "At which airport near Paris was Telegram founder Pavel Durov reportedly arrested, and which government entity, whose building entrance was shown with security personnel, failed to respond to Reuters' request for comment?",
    "answer": "Pavel Durov was reportedly arrested at Le Bourget Airport outside Paris, and the French Interior Ministry, whose building entrance was shown with security personnel, did not respond to Reuters' request for comment.",
    "keypoints": {
      "video": [
        "An airplane is seen taking off from Paris Le Bourget Airport under clear skies.",
        "The entrance to the Ministry of the Interior building is shown with security personnel standing guard."
      ],
      "text": [
        "Pavel Durov, founder and CEO of the Telegram messaging app, was reportedly arrested at Bourier Airport outside Paris, France, on Saturday.",
        "Reuters did not receive a response for comment from Telegram, the French Interior Ministry, or French police."
      ]
    }
  },
  {
    "question": "What specific concern prompted French authorities to investigate Telegram, as suggested by a user scrolling through contacts on the app, and what was the focus of their investigation?",
    "answer": "French authorities investigated Telegram due to concerns that its lack of moderators allowed criminal activity to go undeterred, as suggested by the unimpeded user access to contacts and communication features.",
    "keypoints": {
      "video": [
        "A hand scrolls through a list of contacts on a smartphone screen displaying the Telegram app."
      ],
      "text": [
        "The investigation reportedly focuses on Telegram's lack of moderators, which police stated allowed criminal activity to go undeterred on the messaging app."
      ]
    }
  }
]