[
  {
    "question": "What role has Telegram played in disseminating content about the Russia-Ukraine war since 2022?",
    "answer": "Since Russia's invasion of Ukraine in 2022, Telegram has become a main source of unfiltered, sometimes graphic and misleading, content about the war from both sides.",
    "keypoints": [
      "Since Russia's invasion of Ukraine in 2022, Telegram has become a main source of unfiltered, sometimes graphic and misleading, content about the war from both sides."
    ]
  },
  {
    "question": "What position has Pavel Durov stated regarding Telegram's role?",
    "answer": "Pavel Durov stated that Telegram should remain a neutral platform and not a player in geopolitics.",
    "keypoints": [
      "Pavel Durov stated that Telegram should remain a neutral platform and not a player in geopolitics."
    ]
  }
]
