[
  {
    "question": "How many arrests did CHADEMA report in connection with the January 24 protests, and what does the presence of a 'MAGEREZA'-labeled bus suggest about law enforcement activities?",
    "answer": "CHADEMA reported over 400 arrests, and the presence of a prison bus indicates coordinated law enforcement operations during the protests.",
    "keypoints": {
      "video": [
        "A green bus labeled 'MAGEREZA' is parked on a street with several vehicles around it, including a white truck and a black car."
      ],
      "text": [
        "The CHADEMA spokesperson stated that more than 400 people had been arrested by police."
      ]
    }
  }
]