[
  {
    "question": "What did Tanzania's main opposition party CHADEMA report regarding arrests on Monday?",
    "answer": "CHADEMA stated that senior leaders and hundreds of its supporters had been arrested.",
    "keypoints": [
      "Tanzania's main opposition party CHADEMA stated on Monday that senior leaders and hundreds of its supporters had been arrested."
    ]
  },
  {
    "question": "What two policy changes did Tanzania's President Samia Suluhu Hassan implement after taking office in March 2021?",
    "answer": "She lifted a ban on political rallies and relaxed media restrictions.",
    "keypoints": [
      "Tanzania's President Samia Suluhu Hassan lifted a ban on political rallies and relaxed media restrictions after coming to power in March 2021."
    ]
  }
]
