[
  {
    "question": "What did SAG-AFTRA Chief Negotiator Duncan Crabtree-Ireland state about the strike's opposition?",
    "answer": "He stated the strike opposes attempts to limit AI protections to only some union members.",
    "keypoints": [
      "SAG-AFTRA Chief Negotiator Duncan Crabtree-Ireland stated the strike opposes attempts to limit AI protections to only some union members."
    ]
  },
  {
    "question": "What specific issue caused the failure of labor negotiations leading to the strike?",
    "answer": "The negotiations failed specifically due to disagreements over AI protections.",
    "keypoints": [
      "The strike follows failed labor negotiations with game developers specifically focused on AI protections."
    ]
  }
]
