[
  {
    "question": "Where did the SAG-AFTRA video game strike protest occur?",
    "answer": "The protest occurred in front of Warner Bros. Studios.",
    "keypoints": [
      "Protesters hold signs reading 'SAG-AFTRA VIDEO GAME STRIKE' and march in front of Warner Bros. Studios, with a water tower visible in the background."
    ]
  },
  {
    "question": "Which video game franchise features the character Shang Tsung?",
    "answer": "Shang Tsung is a character in the Mortal Kombat franchise.",
    "keypoints": [
      "A video game display shows a character named 'Shang Tsung' fighting another character in a Mortal Kombat match."
    ]
  }
]