[
  {
    "question": "What was 7 & I Holdings' response to the $38.5 billion takeover offer from Canadian retailer Alimentation Couche-Tard?",
    "answer": "7 & I Holdings rejected the $38.5 billion takeover offer from Canadian retailer Alimentation Couche-Tard.",
    "keypoints": [
      "7 & I Holdings rejected a $38.5 billion takeover offer from Canadian retailer Alimentation Couche-Tard on Friday."
    ]
  },
  {
    "question": "Why did 7 & I Holdings reject Alimentation Couche-Tard's takeover proposal?",
    "answer": "7 & I Holdings stated the proposed deal would not serve the best interests of its shareholders.",
    "keypoints": [
      "7 & I Holdings stated the proposed deal would not serve the best interests of its shareholders."
    ]
  },
  {
    "question": "What regulatory challenge did 7 & I Holdings predict for Alimentation Couche-Tard's proposed takeover?",
    "answer": "7 & I Holdings predicted the takeover would face significant antitrust challenges in the U.S. convenience store market.",
    "keypoints": [
      "7 & I Holdings predicted the takeover would face significant antitrust challenges in the U.S. convenience store market."
    ]
  },
  {
    "question": "Did 7 & I Holdings express openness to other proposals despite rejecting the current offer?",
    "answer": "Yes, 7 & I Holdings expressed readiness to sincerely consider any proposal but stated the current offer did not stack up.",
    "keypoints": [
      "7 & I Holdings expressed readiness to sincerely consider any proposal but stated the current offer did not stack up."
    ]
  },
  {
    "question": "Would a significantly increased bid resolve the regulatory issues according to 7 & I Holdings?",
    "answer": "No, 7 & I Holdings asserted that even a significantly increased bid would fail to resolve the regulatory problems.",
    "keypoints": [
      "7 & I Holdings asserted that even a significantly increased bid would fail to resolve the regulatory problems."
    ]
  }
]
