[
  {
    "question": "What company names are displayed on the stock exchange trading floor screens?",
    "answer": "The stock exchange trading floor displays company names such as Kroger and Albertsons Companies.",
    "keypoints": [
      "A stock exchange trading floor displays company names such as Kroger and Albertsons Companies on its screens."
    ]
  },
  {
    "question": "What discounted products are advertised at Couche-Tard convenience stores?",
    "answer": "Couche-Tard advertises hot dogs and Polar Pop drinks at discounted prices.",
    "keypoints": [
      "A Couche-Tard convenience store advertises hot dogs and Polar Pop drinks at discounted prices."
    ]
  }
]