[
  {
    "question": "During Israeli Prime Minister Benjamin Netanyahu's speech to the U.S. Congress, delivered at a podium in front of an American flag and flanked by two men in suits, what was his position on the proposed Iran nuclear deal and what primary reason did he cite for opposing it?",
    "answer": "Netanyahu expressed opposition to President Obama's proposed deal with Iran to limit its nuclear program in exchange for lifting international sanctions, believing it would be a disaster.",
    "keypoints": {
      "video": [
        "Benjamin Netanyahu delivers a speech at a podium in front of an American flag, flanked by two men in suits."
      ],
      "text": [
        "Netanyahu expressed opposition to President Obama's proposed deal with Iran to limit its nuclear program in exchange for lifting international sanctions.",
        "Netanyahu believes the proposed deal with Iran would be a disaster."
      ]
    }
  },
  {
    "question": "In a segment where Benjamin Netanyahu is seen in a blue shirt and gray cardigan speaking directly to the camera while gesturing with his hands, what did he state about the likelihood of Iran's radical regime improving its behavior after the nuclear deal?",
    "answer": "Netanyahu stated he does not believe Iran's radical regime will change for the better after the deal.",
    "keypoints": {
      "video": [
        "A man in a blue shirt and gray cardigan sits against a plain background, speaking directly to the camera while gesturing with his hands."
      ],
      "text": [
        "Netanyahu stated he does not believe Iran's radical regime will change for the better after the deal."
      ]
    }
  },
  {
    "question": "Regarding Iran's regional aggression as discussed by Benjamin Netanyahu in his congressional speech, how did he characterize the regime's 36-year history of behavior, and what impact did he predict the nuclear deal would have on this pattern?",
    "answer": "Netanyahu noted Iran's regime has been in power for 36 years with a growing appetite for aggression each year, and argued the deal would only increase Iran's appetite for aggression.",
    "keypoints": {
      "video": [
        "Benjamin Netanyahu delivers a speech at a podium in front of an American flag, flanked by two men in suits."
      ],
      "text": [
        "Netanyahu noted Iran's regime has been in power for 36 years and its appetite for aggression grows each year.",
        "Netanyahu argued the deal would only increase Iran's appetite for aggression."
      ]
    }
  },
  {
    "question": "What contrasting views did Benjamin Netanyahu and President Obama hold regarding Iran's responsiveness to incentives, as highlighted in Netanyahu's opposition to the nuclear deal?",
    "answer": "Netanyahu stated he does not believe Iran's radical regime will change for the better, while President Obama believes Iran can respond rationally to incentives and is willing to suspend its nuclear program for economic relief.",
    "keypoints": {
      "video": [
        "Benjamin Netanyahu delivers a speech at a podium in front of an American flag, flanked by two men in suits."
      ],
      "text": [
        "Netanyahu stated he does not believe Iran's radical regime will change for the better after the deal.",
        "President Obama thinks Iran does do bad things but also believes Iran can respond rationally to incentives.",
        "President Obama believes Iran knows sanctions are hurting its economy and is willing to suspend its nuclear program in exchange for a healthier economy."
      ]
    }
  }
]