[
  {
    "question": "How was Israeli Prime Minister Benjamin Netanyahu's speech to the U.S. Congress arranged?",
    "answer": "The speech was coordinated behind President Obama's back with Congressional Republicans.",
    "keypoints": [
      "Netanyahu's speech was coordinated behind President Obama's back with Congressional Republicans."
    ]
  },
  {
    "question": "What was Israeli Prime Minister Benjamin Netanyahu's position on President Obama's proposed nuclear deal with Iran?",
    "answer": "Netanyahu expressed opposition to the deal that would limit Iran's nuclear program in exchange for lifting international sanctions.",
    "keypoints": [
      "Netanyahu expressed opposition to President Obama's proposed deal with Iran to limit its nuclear program in exchange for lifting international sanctions."
    ]
  },
  {
    "question": "What did Israeli Prime Minister Benjamin Netanyahu believe would be the consequence of the proposed Iran nuclear deal?",
    "answer": "Netanyahu believed the deal would be a disaster.",
    "keypoints": [
      "Netanyahu believes the proposed deal with Iran would be a disaster."
    ]
  },
  {
    "question": "According to Israeli Prime Minister Benjamin Netanyahu, would Iran's radical regime improve after the nuclear deal?",
    "answer": "Netanyahu stated he does not believe Iran's radical regime will change for the better after the deal.",
    "keypoints": [
      "Netanyahu stated he does not believe Iran's radical regime will change for the better after the deal."
    ]
  },
  {
    "question": "How long has Iran's regime been in power and what trend did Israeli Prime Minister Benjamin Netanyahu observe?",
    "answer": "Netanyahu noted Iran's regime has been in power for 36 years and its appetite for aggression grows each year.",
    "keypoints": [
      "Netanyahu noted Iran's regime has been in power for 36 years and its appetite for aggression grows each year."
    ]
  },
  {
    "question": "What effect did Israeli Prime Minister Benjamin Netanyahu say the Iran nuclear deal would have on Iran's aggression?",
    "answer": "Netanyahu argued the deal would only increase Iran's appetite for aggression.",
    "keypoints": [
      "Netanyahu argued the deal would only increase Iran's appetite for aggression."
    ]
  },
  {
    "question": "What did Israeli Prime Minister Benjamin Netanyahu question about Iran's aggression if sanctions were lifted?",
    "answer": "Netanyahu questioned whether Iran would be less aggressive when sanctions are removed and its economy is stronger.",
    "keypoints": [
      "Netanyahu questioned whether Iran would be less aggressive when sanctions are removed and its economy is stronger."
    ]
  },
  {
    "question": "How many countries is Iran currently involved in, according to Israeli Prime Minister Benjamin Netanyahu?",
    "answer": "Netanyahu stated Iran is involved in four countries currently.",
    "keypoints": [
      "Netanyahu asked how many more countries Iran would devour when sanctions are lifted, given it is involved in four countries currently."
    ]
  }
]
