[
  {
    "question": "At recent auto shows, what were the models of the electric vehicles displayed by Tesla and BYD respectively, and how did BYD intensify competition with Tesla by achieving what milestone in the fourth quarter?",
    "answer": "Tesla displayed a red Tesla car and BYD displayed the ATTO 3. BYD, a local manufacturer in China, intensified competition with Tesla by overtaking it as the largest electric vehicle maker in the fourth quarter.",
    "keypoints": {
      "video": [
        "A red Tesla car is displayed at an auto show with a large screen showing the Tesla logo behind it.",
        "A BYD ATTO 3 vehicle is displayed at an auto show with people examining it."
      ],
      "text": [
        "Tesla faces intense competition in China from local manufacturers, including BYD.",
        "BYD overtook Tesla as the largest electric vehicle maker in the fourth quarter."
      ]
    }
  }
]