[
  {
    "question": "How many vehicles did Tesla deliver in the first quarter of this year?",
    "answer": "Tesla delivered nearly 387,000 vehicles in the first three months of this year.",
    "keypoints": [
      "Tesla delivered nearly 387,000 vehicles in the first three months of this year."
    ]
  },
  {
    "question": "What was the year-over-year percentage decrease in Tesla's first-quarter deliveries?",
    "answer": "Tesla's first-quarter deliveries represented an 8.5% decrease compared to the same period a year ago.",
    "keypoints": [
      "Tesla's first-quarter deliveries represented an 8.5% decrease compared to the same period a year ago."
    ]
  },
  {
    "question": "Which company overtook Tesla as the largest electric vehicle maker in the fourth quarter?",
    "answer": "BYD overtook Tesla as the largest electric vehicle maker in the fourth quarter.",
    "keypoints": [
      "BYD overtook Tesla as the largest electric vehicle maker in the fourth quarter."
    ]
  }
]
