[
  {
    "question": "What caused the worldwide computer crashes that led to thousands of flight cancellations?",
    "answer": "A faulty software update from CrowdStrike caused computers worldwide to crash, leading to thousands of flight cancellations.",
    "keypoints": [
      "A faulty software update from CrowdStrike caused computers worldwide to crash, leading to thousands of flight cancellations."
    ]
  },
  {
    "question": "How much did the mid-July outage cost Delta Airlines?",
    "answer": "The outage cost Delta Airlines $500 million.",
    "keypoints": [
      "Delta Airlines Chief Ed Bastian stated the outage cost his firm $500 million."
    ]
  }
]
