[
  {
    "question": "Following 13-14 years of conflict with over 3 million Syrians food insecure and malnutrition at global emergency levels, what two forms of humanitarian assistance are evidenced in Aleppo, Syria?",
    "answer": "In response to severe food insecurity affecting over 3 million Syrians and malnutrition at global emergency levels, individuals receive bread distributions inside facilities while others queue orderly for aid services in Aleppo.",
    "keypoints": {
      "video": [
        "Inside a facility in Aleppo, individuals receive stacks of bread, suggesting a distribution of food supplies.",
        "People are seen queuing outside a building in Aleppo, Syria, likely waiting for aid or services, as indicated by their orderly line formation."
      ],
      "text": [
        "After 13 or 14 years of conflict, over 3 million Syrians are severely food insecure and cannot afford enough food.",
        "Malnutrition levels in Syria are at global emergency levels."
      ]
    }
  }
]