[
  {
    "question": "How many people does the United Nations World Food Programme (WFP) expect to be displaced by fighting in northwestern Syria?",
    "answer": "The United Nations World Food Programme (WFP) expects 1.5 million people to be displaced by fighting in northwestern Syria.",
    "keypoints": [
      "The UN food agency expects 1.5 million people to be displaced by fighting in northwestern Syria."
    ]
  },
  {
    "question": "What is Samer AbdelJaber's role at the World Food Programme (WFP)?",
    "answer": "Samer AbdelJaber is the Director of Emergency Coordination, Strategic Analysis, and Humanitarian Diplomacy at the World Food Programme (WFP).",
    "keypoints": [
      "Samer AbdelJaber, Director of Emergency Coordination, Strategic Analysis, and Humanitarian Diplomacy at WFP, speaks at a press conference held at the United Nations in Geneva, Switzerland."
    ]
  }
]