[
  {
    "question": "What physical condition indicated prolonged constriction in Arrom Arunroj, and what assistance did emergency personnel provide as seen in the aftermath?",
    "answer": "Her body had started to turn pale, and emergency personnel escorted her to medical assistance while she was later seen sitting in an ambulance wearing a blue floral dress.",
    "keypoints": {
      "video": [
        "Arrom Arunroj, the victim of the python attack, is seen sitting inside an ambulance wearing a blue floral dress and speaking to someone beside her.",
        "Emergency personnel escort the woman away from the scene, walking alongside her as she moves towards medical assistance."
      ],
      "text": [
        "The elderly woman's body had started to turn pale, indicating the constriction had lasted for a considerable time."
      ]
    }
  }
]