[
  {
    "question": "What personal precaution against air pollution is demonstrated by students wearing masks outside a school building, and what government measure was implemented for educational institutions in New Delhi?",
    "answer": "Students wear masks to reduce inhalation of polluted air during severe smog conditions. The Indian government mandated online classes for all schools in New Delhi to minimize outdoor exposure.",
    "keypoints": {
      "video": [
        "Students wearing masks stand outside a school building on a foggy morning."
      ],
      "text": [
        "The government has restricted vehicle movements and construction activity and urged schools to hold classes online this week."
      ]
    }
  },
  {
    "question": "What impact did pollution reduction measures have on small businesses in Northern India, and how was this linked to visible agricultural burning?",
    "answer": "Strict pollution controls slowed production at over 3.4 million small businesses across Punjab, Haryana, and Delhi. These measures directly responded to agricultural burning that generates visible smoke and contributes to hazardous air quality.",
    "keypoints": {
      "video": [
        "A field is engulfed in flames, with smoke rising into the sky."
      ],
      "text": [
        "Local media reported that strict pollution reduction measures have slowed production at over 3.4 million small and medium-sized businesses in Punjab, Haryana, and Delhi.",
        "Each winter, India faces air pollution as cold air traps dust, fumes, and smoke from illegal farm fires in Punjab and Haryana States."
      ]
    }
  }
]