[
  {
    "question": "Why is Vasha Jane staying indoors in New Delhi?",
    "answer": "To avoid breathing toxic smog covering Northern India.",
    "keypoints": [
      "Expectant mother Vasha Jane stays indoors in New Delhi to avoid breathing toxic smog covering Northern India."
    ]
  },
  {
    "question": "What is Vasha Jane's husband concerned about regarding their child?",
    "answer": "He worries about their child growing up in polluted air.",
    "keypoints": [
      "Vasha Jane's husband worries about their child growing up in polluted air."
    ]
  },
  {
    "question": "What precautions is Vasha Jane taking against pollution?",
    "answer": "Not stepping outside, walking inside her house, eating healthy, and using air purifiers at home.",
    "keypoints": [
      "Vasha Jane takes precautions including not stepping outside, walking inside her house, eating healthy, and using air purifiers at home."
    ]
  },
  {
    "question": "What did Vasha Jane's doctor recommend regarding the pollution?",
    "answer": "Staying at home.",
    "keypoints": [
      "Vasha Jane expresses concern for her baby if pollution continues, and her doctor has recommended staying at home."
    ]
  },
  {
    "question": "What causes air pollution in India each winter?",
    "answer": "Coal air traps dust, fumes, and smoke from illegal farm fires in Punjab and Haryana States.",
    "keypoints": [
      "Each winter, India faces air pollution as coal air traps dust, fumes, and smoke from illegal farm fires in Punjab and Haryana States."
    ]
  },
  {
    "question": "What was New Delhi's 24-hour air quality index on Tuesday according to India's Central Pollution Control Board?",
    "answer": "488 on a scale to 500.",
    "keypoints": [
      "New Delhi's 24-hour air quality index was 488 on a scale to 500 on Tuesday, according to India's Central Pollution Control Board."
    ]
  }
]
