[
  {
    "question": "What materials are used by children during drawing activities in the Peace Art Bus initiative, and what personal experiences do they express through these activities?",
    "answer": "Children use crayons and paper plates containing paint for drawing, where they express their sufferings, destroyed houses, and dreams of returning home.",
    "keypoints": {
      "video": [
        "Children sit at tables in a classroom setting, engaged in drawing activities with crayons and paper plates containing paint."
      ],
      "text": [
        "The initiative helps children through psycho-drama and different arts, where they draw their sufferings, destroyed houses, and dreams of returning home."
      ]
    }
  }
]