[
  {
    "question": "Where does the Peace Art Bus take displaced children from Tyre, Lebanon?",
    "answer": "To the Lebanese National Theater.",
    "keypoints": [
      "Displaced children in the southern Lebanese city of Tyre ride on the Peace Art Bus to the Lebanese National Theater."
    ]
  },
  {
    "question": "What activities do displaced children participate in through the Peace Art Bus initiative?",
    "answer": "Theater, drawing, storytelling, and other creative activities at the Lebanese National Theater.",
    "keypoints": [
      "The Peace Art Bus transports children to participate in theater, drawing, storytelling, and other creative activities at the Lebanese National Theater."
    ]
  }
]
