[
  {
    "question": "What were the operational conditions during the water rescue effort for the American Airlines jet crash in the Potomac River, and what outcome did District of Columbia Fire and Rescue Chief John Donnelly announce?",
    "answer": "The water rescue operation occurred at night, with teams using jet skis illuminated by red lights. Chief John Donnelly stated that operations shifted from rescue to recovery with no expected survivors.",
    "keypoints": {
      "video": [
        "Rescue teams on jet skis navigate through the water at night with red lights illuminating their path."
      ],
      "text": [
        "District of Columbia Fire and Rescue Chief John Donnelly stated that operations shifted from rescue to recovery with no expected survivors."
      ]
    }
  }
]