[
  {
    "question": "What two aircraft collided over Washington DC on July 1, 2025?",
    "answer": "An American Airlines regional jet and a US Army Blackhawk helicopter collided over Washington DC.",
    "keypoints": [
      "On July 1, 2025, an American Airlines regional jet collided with a US Army Blackhawk helicopter over Washington DC."
    ]
  },
  {
    "question": "What did District of Columbia Fire and Rescue Chief John Donnelly announce about the aircraft collision response?",
    "answer": "Chief John Donnelly stated that operations shifted from rescue to recovery with no expected survivors.",
    "keypoints": [
      "District of Columbia Fire and Rescue Chief John Donnelly stated that operations shifted from rescue to recovery with no expected survivors."
    ]
  }
]
