[
  {
    "question": "What agency's label appears on sacks loaded onto a cart by several men during flour distribution to displaced Gazans, and how long will one bag last a family despite rationing?",
    "answer": "Sacks labeled 'AFAD' are loaded onto the cart, and a single bag of flour will not last a displaced Gazan family for a month despite careful rationing.",
    "keypoints": {
      "video": [
        "Several men load sacks onto a cart, with one man pushing the cart loaded with white sacks labeled 'AFAD'."
      ],
      "text": [
        "The single bag of flour received will not last a month, despite careful rationing."
      ]
    }
  }
]