[
  {
    "question": "Following the fuel truck crash near a Jewish settlement, what emergency response was visible at the highway scene, and what was the driver's fate?",
    "answer": "Emergency responders attended to an overturned fuel tanker truck with multiple ambulances present, and Israeli Security Forces shot and killed the driver at the scene.",
    "keypoints": {
      "video": [
        "Emergency responders attend to an overturned fuel tanker truck on a busy highway, with several ambulances and personnel present."
      ],
      "text": [
        "The Israeli Army stated the suspect driving the vehicle was shot and killed by Security Forces at the scene."
      ]
    }
  }
]