[
  {
    "question": "What did Russian President Vladimir Putin announce regarding Moscow's response to Ukrainian long-range strikes?",
    "answer": "Putin announced that Moscow launched a medium-range ballistic missile attack on a Ukrainian military facility in response to recent Ukrainian long-range strikes using Western weapons.",
    "keypoints": [
      "Russian President Vladimir Putin announced in a televised address on Thursday that Moscow launched a medium-range ballistic missile attack on a Ukrainian military facility in response to recent Ukrainian long-range strikes with Western weapons."
    ]
  },
  {
    "question": "What did Putin state about the missile system tested during the attack on Ukraine?",
    "answer": "Putin stated that Russia tested one of its newest mid-range missile systems during the attack, employing a ballistic missile with non-nuclear hypersonic equipment.",
    "keypoints": [
      "Putin stated that one of Russia's newest mid-range missile systems was tested during the attack, using a ballistic missile and non-nuclear hypersonic equipment."
    ]
  }
]
