[
  {
    "question": "How many futuristic Honda concept cars were displayed on rotating platforms at the event?",
    "answer": "Two futuristic white Honda concept cars were displayed on rotating platforms at the event.",
    "keypoints": [
      "Two futuristic white Honda concept cars are displayed on rotating platforms in front of an audience at an event."
    ]
  },
  {
    "question": "How many white Honda minivans were parked in front of the modern building with large windows?",
    "answer": "Two white Honda minivans were parked side by side in front of a modern building with large windows.",
    "keypoints": [
      "Two white Honda minivans are parked side by side in front of a modern building with large windows."
    ]
  }
]