[
  {
    "question": "At the Ministry of Finance building where a group was photographed holding a red briefcase, which individual was reappointed to lead that ministry, and were allies of the ruling Bharatiya Janata Party allocated its portfolio?",
    "answer": "Nirmala Sitaraman was reappointed as Finance Minister, and allies of the Bharatiya Janata Party were excluded from holding the finance portfolio.",
    "keypoints": {
      "text": [
        "Finance Minister Nirmala Sitaraman will serve a second term after steering India's fifth-largest economy through strong growth.",
        "Bharatiya Janata Party allies received five positions in the 30-member cabinet but were excluded from the portfolios of Home Affairs, Finance, Defense, and Foreign Affairs."
      ]
    }
  },
  {
    "question": "During the event where a crowd gathered on a stage decorated with banners and flowers to clap and cheer, what political milestone was achieved by Narendra Modi, and which key ministers were retained in his new cabinet?",
    "answer": "Narendra Modi began his third term as Prime Minister of India, and nearly all top cabinet ministers were retained.",
    "keypoints": {
      "text": [
        "Prime Minister Narendra Modi began his third term on Monday by retaining nearly all top ministers in India's new cabinet."
      ]
    }
  },
  {
    "question": "Following the formation of India's new cabinet, what are the expected impacts on spending priorities due to Bharatiya Janata Party's electoral performance in rural areas, and when will the next policy indicator be announced?",
    "answer": "The new government will prioritize support for the poor in rural areas, potentially changing spending patterns, and the next policy indicator is the national budget scheduled for July.",
    "keypoints": {
      "text": [
        "BJP's loss of seats in rural areas will force the new government to prioritize support for the poor, potentially changing spending patterns.",
        "The next policy indicator will be the national budget scheduled for July."
      ]
    }
  },
  {
    "question": "How does the allocation of ministerial portfolios to Bharatiya Janata Party allies compare to their exclusion from key ministries, and what does this indicate about policy direction?",
    "answer": "Allies received five positions overseeing ministries like Steel and Aviation but were excluded from Home Affairs, Finance, Defense, and Foreign Affairs, indicating broad policy continuity under the Bharatiya Janata Party's core leadership.",
    "keypoints": {
      "text": [
        "Bharatiya Janata Party allies received five positions in the 30-member cabinet but were excluded from the portfolios of Home Affairs, Finance, Defense, and Foreign Affairs.",
        "Allies oversee ministries including Steel and Aviation, indicating broad policy continuity."
      ]
    }
  }
]