[
  {
    "question": "Which key ministers did Prime Minister Narendra Modi retain in India's new cabinet at the start of his third term?",
    "answer": "Nearly all top ministers were retained in India's new cabinet.",
    "keypoints": [
      "Prime Minister Narendra Modi began his third term on Monday by retaining nearly all top ministers in India's new cabinet."
    ]
  },
  {
    "question": "How many terms will Nirmala Sitaraman serve as India's Finance Minister?",
    "answer": "Nirmala Sitaraman will serve a second term as India's Finance Minister.",
    "keypoints": [
      "Finance Minister Nirmala Sitaraman will serve a second term after steering India's fifth-largest economy through strong growth."
    ]
  },
  {
    "question": "Which key ministries were the Bharatiya Janata Party's allies excluded from in the 30-member cabinet?",
    "answer": "The Bharatiya Janata Party's allies were excluded from the portfolios of Home Affairs, Finance, Defense, and Foreign Affairs.",
    "keypoints": [
      "Bharatiya Janata Party allies received five positions in the 30-member cabinet but were excluded from the portfolios of Home Affairs, Finance, Defense, and Foreign Affairs."
    ]
  },
  {
    "question": "What types of ministries do the Bharatiya Janata Party's allies oversee in the new cabinet?",
    "answer": "The allies oversee ministries including Steel and Aviation.",
    "keypoints": [
      "Allies oversee ministries including Steel and Aviation, indicating broad policy continuity."
    ]
  }
]
