[
  {
    "question": "How many hotel workers remain on strike despite resolutions in Baltimore and Seattle?",
    "answer": "Over 9,000 hotel workers remain on strike.",
    "keypoints": [
      "Over 9,000 hotel workers remain on strike despite the stoppages concluding in Baltimore and Seattle."
    ]
  },
  {
    "question": "What triggered the hotel worker strikes that began on Sunday?",
    "answer": "The strikes began after negotiations failed with hotel operators Marriott, Hilton, and Hyatt.",
    "keypoints": [
      "The strikes began on Sunday after negotiations failed with hotel operators Marriott, Hilton, and Hyatt."
    ]
  }
]
