[
  {
    "question": "What was the exact closing price and percentage decline of Domino's Pizza stock (DPZ), and what was the reason for this movement?",
    "answer": "Domino's Pizza stock (DPZ) closed at $409.04, down by 13.57%, after falling short of estimates for quarterly same-store sales.",
    "keypoints": {
      "video": [
        "Domino's Pizza stock (DPZ) is priced at $409.04, showing a decrease of 13.57%."
      ],
      "text": [
        "Domino's Pizza stock plunged 13.5% after falling short of estimates for quarterly same-store sales."
      ]
    }
  },
  {
    "question": "What were the exact closing price and percentage increase of D.R. Horton shares, and what factors drove this performance?",
    "answer": "D.R. Horton shares closed at $173.42, up by 10.10%, after the homebuilder beat profit estimates and delivered more new homes than expected.",
    "keypoints": {
      "video": [
        "A sold property sign for D.R. Horton indicates a price of $173.42 per share, up by 10.10%."
      ],
      "text": [
        "D.R. Horton shares surged 10% after the homebuilder beat profit estimates and delivered more new homes than expected."
      ]
    }
  },
  {
    "question": "How did the stock performance and underlying catalysts for Domino's Pizza (DPZ) and D.R. Horton compare, including their respective price movements and reasons?",
    "answer": "Domino's Pizza stock (DPZ) closed at $409.04, down by 13.57% due to falling short of same-store sales estimates, while D.R. Horton shares closed at $173.42, up by 10.10% after exceeding profit expectations and delivering more homes than anticipated.",
    "keypoints": {
      "video": [
        "Domino's Pizza stock (DPZ) is priced at $409.04, showing a decrease of 13.57%.",
        "A sold property sign for D.R. Horton indicates a price of $173.42 per share, up by 10.10%."
      ],
      "text": [
        "Domino's Pizza stock plunged 13.5% after falling short of estimates for quarterly same-store sales.",
        "D.R. Horton shares surged 10% after the homebuilder beat profit estimates and delivered more new homes than expected."
      ]
    }
  }
]