[
  {
    "question": "What is Rob Sloyan's stance on the recent market decline?",
    "answer": "Rob Sloyan, technical strategist at RBC Wealth Management, stated he is not concerned about the market decline.",
    "keypoints": [
      "RBC Wealth Management technical strategist Rob Sloyan stated he is not concerned about the market decline."
    ]
  },
  {
    "question": "According to Rob Sloyan, what caused the market pullback?",
    "answer": "The market hitting resistance levels after a long rally over recent months.",
    "keypoints": [
      "Rob Sloyan attributed the pullback to the market hitting resistance levels after a long rally over recent months."
    ]
  }
]
