[
  {
    "question": "What was the closing value and percentage change of the Dow Jones Industrial Average?",
    "answer": "The Dow Jones Industrial Average closed at 40,665.02, down by 1.29%.",
    "keypoints": [
      "The Dow Jones Industrial Average closed at 40,665.02, down by 1.29%."
    ]
  },
  {
    "question": "What was the stock price and percentage decrease for Domino's Pizza (DPZ)?",
    "answer": "Domino's Pizza stock (DPZ) was priced at $409.04, showing a decrease of 13.57%.",
    "keypoints": [
      "Domino's Pizza stock (DPZ) is priced at $409.04, showing a decrease of 13.57%."
    ]
  },
  {
    "question": "What was the per-share stock price and percentage increase for D.R. Horton?",
    "answer": "D.R. Horton's stock was priced at $173.42 per share, up by 10.10%.",
    "keypoints": [
      "A sold property sign for D.R. Horton indicates a price of $173.42 per share, up by 10.10%."
    ]
  }
]