[
  {
    "question": "From what type of terrain was North Korea's missile launched on Tuesday, and what were its flight characteristics?",
    "answer": "The missile was launched from a forested area near Pyongyang at approximately 7 a.m. local time, flying about 372 miles before landing in the sea.",
    "keypoints": {
      "video": [
        "An aerial view shows a missile launch from a forested area, with the rocket ascending vertically and leaving a plume of white smoke."
      ],
      "text": [
        "The missile was fired from Pyongyang at approximately 7 a.m. local time and flew about 372 miles before landing in the sea."
      ]
    }
  }
]