[
  {
    "question": "What type of launcher was used for the missile launch?",
    "answer": "The missile was conducted from a mobile launcher.",
    "keypoints": [
      "A missile launches from a mobile launcher, leaving a trail of smoke as it ascends into the sky."
    ]
  },
  {
    "question": "How were the missiles launched from the military site?",
    "answer": "Multiple missiles were launched simultaneously from the military site.",
    "keypoints": [
      "Multiple missiles are launched simultaneously from a military site, creating a synchronized display of smoke trails against the blue sky."
    ]
  },
  {
    "question": "From what type of location was the missile launched in the aerial footage?",
    "answer": "The missile was launched from a forested area.",
    "keypoints": [
      "An aerial view shows a missile launch from a forested area, with the rocket ascending vertically and leaving a plume of white smoke."
    ]
  }
]