[
  {
    "question": "Following the wildfire devastation shown in the aerial view of a village surrounded by burnt land, what firefighting method was deployed, and what two contrasting approaches to landscape restoration in Attica have been proposed?",
    "answer": "A helicopter was deployed dropping water to extinguish the fire. For landscape restoration, Greece initiated planting over 1 million trees while meteorologist Theodor Giannaros advocates for planting less flammable vegetation like grass.",
    "keypoints": {
      "video": [
        "A helicopter flies over the burning forest, dropping water to extinguish the fire."
      ],
      "text": [
        "Greece has started an initiative to plant over 1 million trees in Attica.",
        "Meteorologist Theodor Giannaros argues against simply replanting forests, stating that the answer is to plant less flammable vegetation like grass."
      ]
    }
  }
]