[
  {
    "question": "At a press conference featuring a Chinese official, how did China respond to the U.S. justification for new tariffs related to drug control, and what do analysts indicate about the level of China's retaliatory tariffs?",
    "answer": "China accused the White House of 'blackmail' and emphasized its strict anti-drug policies, while analysts indicate Beijing deliberately set retaliatory tariffs below 20% to leave room for negotiation.",
    "keypoints": {
      "video": [
        "A Chinese official stands in front of a Chinese flag during a press conference or formal event."
      ],
      "text": [
        "China accused the White House of 'blackmail' and emphasized its strict anti-drug policies.",
        "Analysts indicate Beijing deliberately set its retaliatory tariffs below 20% to leave room for negotiation."
      ]
    }
  },
  {
    "question": "While speaking to the camera in a warehouse in Beijing, what did fruit vendor Lee Jen H state about the impact of U.S. tariffs on cherry imports and the long-term outlook for China's fruit supply chain?",
    "answer": "Lee Jen H stated that if U.S. cherries become more expensive due to tariffs, import volumes will decrease and China will gradually develop its own supply chain, expressing confidence that China can grow stronger and eventually not rely on the U.S., making tariff hikes irrelevant.",
    "keypoints": {
      "video": [
        "A man in a camouflage jacket speaks to the camera inside a warehouse filled with stacked boxes."
      ],
      "text": [
        "Lee Jen H stated that if US cherries become more expensive due to tariffs, import volumes will decrease and China will gradually develop its own supply chain.",
        "Lee Jen H expressed confidence that China can grow stronger and eventually not rely on the US, making tariff hikes irrelevant."
      ]
    }
  }
]