[
  {
    "question": "What additional tariff did US President Donald Trump impose on Chinese goods and what was its effect?",
    "answer": "US President Donald Trump imposed an additional 10% duty on Chinese goods, doubling the previous levy.",
    "keypoints": [
      "US President Donald Trump imposed an additional 10% duty on Chinese goods, doubling the previous levy."
    ]
  },
  {
    "question": "What value of American products was affected by China's retaliatory tariffs?",
    "answer": "China retaliated with new tariffs affecting $21 billion worth of American products.",
    "keypoints": [
      "China retaliated with new price hikes affecting $21 billion worth of American products."
    ]
  },
  {
    "question": "How does fruit vendor Lee Jen H in Beijing view the impact of tariffs on his US fruit purchases?",
    "answer": "Lee Jen H remains unconcerned about tariff impacts on his annual purchases of US apples, cherries, and oranges.",
    "keypoints": [
      "Fruit vendor Lee Jen H in Beijing purchases US apples, cherries, and oranges annually but remains unconcerned about tariff impacts."
    ]
  },
  {
    "question": "What did Lee Jen H state would happen if US cherry prices increase due to tariffs?",
    "answer": "Lee Jen H stated that import volumes would decrease and China would gradually develop its own supply chain.",
    "keypoints": [
      "Lee Jen H stated that if US cherries become more expensive due to tariffs, import volumes will decrease and China will gradually develop its own supply chain."
    ]
  },
  {
    "question": "Why did Lee Jen H believe tariff hikes might become irrelevant for China?",
    "answer": "Lee Jen H expressed confidence that China can grow stronger and eventually not rely on the US.",
    "keypoints": [
      "Lee Jen H expressed confidence that China can grow stronger and eventually not rely on the US, making tariff hikes irrelevant."
    ]
  },
  {
    "question": "How does Lee Jen H plan to adjust his business if fruit prices rise significantly?",
    "answer": "Lee Jen H plans to adjust his fruit stock based on market demand.",
    "keypoints": [
      "Lee Jen H plans to adjust his fruit stock based on market demand if prices rise significantly."
    ]
  }
]
