[
  {
    "question": "What prompted Greece's government to crack down on Airbnb-style rentals?",
    "answer": "The surging cost of rent and housing shortages in cities like Athens prompted the crackdown.",
    "keypoints": [
      "The surging cost of rent and a housing shortage in cities like Athens prompted Greece's government to crack down on Airbnb-style rentals."
    ]
  },
  {
    "question": "How much funding did Greece's government allocate for its new housing shortage plan?",
    "answer": "Greece's government announced a new €2.4 billion plan to address the housing shortage.",
    "keypoints": [
      "Greece's government announced a new €2.4 billion plan to address the housing shortage."
    ]
  }
]
