[
  {
    "question": "What was the purpose of constructing an acoustic barrier along the route from Rio de Janeiro's airport to the South Zone, and how did the city's bus line reductions during Olympic preparations further isolate the North Zone?",
    "answer": "The acoustic barrier was constructed to prevent travelers from seeing the low-income areas of the North Zone, characterized by slums, which contrast with the affluent, tourism-focused South Zone. During Olympic preparations, Rio de Janeiro cut 11 bus lines connecting the North Zone to the South Zone, making it harder for residents to access beaches like Ipanema and Copacabana.",
    "keypoints": {
      "video": [
        "An acoustic barrier was constructed to prevent people traveling from the airport to the South Zone from seeing the reality of the city.",
        "The North Zone is characterized by slums and low income, while the South Zone is known for tourism and high income."
      ],
      "text": [
        "Patricia observed that Rio de Janeiro cut 11 bus lines connecting the poor North Zone to the tourist-rich South Zone in preparation for the Olympics.",
        "The bus line cuts make it harder for North Zone residents to reach Ipanema or Copacabana beaches."
      ]
    }
  },
  {
    "question": "How did Maria da Penha, a resident of Vila Autódromo, anticipate the Olympics would affect her community, and what was the outcome for Vila Autódromo's families after years of eviction resistance?",
    "answer": "Maria da Penha anticipated that the Olympics announcement would worsen her community's problems. After years of resistance, 580 of Vila Autódromo's 600 families were evicted for Olympic Park construction, though 20 families were permitted to stay and received new homes following protests and international attention.",
    "keypoints": {
      "video": [
        "Maria da Penha, a resident of Vila Autódromo, expressed that when the Olympics were announced for Rio de Janeiro, she knew their problems would worsen.",
        "Residents of Vila Autódromo are shown gathering belongings and leaving their homes as part of the community's displacement due to the Olympic preparations."
      ],
      "text": [
        "Vila Autódromo, a community of 600 families near the Olympic Park site, resisted eviction for years.",
        "After protests and international press coverage, Rio de Janeiro's mayor allowed 20 remaining families in Vila Autódromo to stay, building them new homes."
      ]
    }
  },
  {
    "question": "What is the size of real estate developer Carlos Carvalho's land holdings in Barra, Rio de Janeiro, and what was his stated objective for this area?",
    "answer": "Carlos Carvalho owns 6 million square meters of land in Barra, with the objective of creating a 'city of the elite, of good taste' focused on luxury real estate development.",
    "keypoints": {
      "video": [
        "The Rio property developer Carlos Carvalho owns 6 million square meters of land in Barra, aiming to create a 'city of the elite, of good taste'."
      ],
      "text": [
        "Real estate developer Carlos Carvalho owns 64 million square feet in Barra and aims to create a 'new Rio' for the elite."
      ]
    }
  },
  {
    "question": "According to Orlando Santos Jr. of Rio de Janeiro Federal University, why was Vila Autódromo removed despite its proximity to the Olympic Park, and how many total evictions occurred in Rio de Janeiro since 2009 for mega-events?",
    "answer": "Orlando Santos Jr. attributed Vila Autódromo's removal to economic interests tied to real estate valuation, as informal settlements hindered luxury development. At least 77,200 people were evicted citywide since 2009, primarily for World Cup and Olympics infrastructure projects.",
    "keypoints": {
      "video": [
        "Orlando Santos Jr., a professor at Rio de Janeiro Federal University, questions why Vila Autódromo could not remain adjacent to the park, attributing it to economic interests tied to real estate valuation.",
        "A map highlights the location of Vila Autódromo near the Olympic Park in Barra, indicating its proximity to the Olympic venues."
      ],
      "text": [
        "Small, long-established informal settlements in Barra are seen as barriers to luxury real estate development.",
        "At least 77,200 people have been evicted from their homes in Rio de Janeiro since 2009, largely for World Cup and Olympics infrastructure."
      ]
    }
  },
  {
    "question": "How does the Rio de Janeiro government's prioritization of tourism infrastructure during international events contrast with its treatment of informal settlements, and what specific community exemplifies this disparity?",
    "answer": "The government prioritizes tourism infrastructure like stadiums and beautification for events while neglecting informal settlements, often evicting residents from communities like Maré in the North Zone. Vila Autódromo exemplifies this disparity, as its removal for Olympic Park construction occurred despite resident protests.",
    "keypoints": {
      "video": [
        "A woman explains that there is a desire to clean up areas with black, poor, and barefoot people, indicating a historical context of urban planning.",
        "Residents of Vila Autódromo express their sentiments about the impact of the Olympic Games on their community."
      ],
      "text": [
        "Rio de Janeiro frequently builds infrastructure for tourism when international attention arrives, such as for major events.",
        "Residents express frustration that government spending prioritizes tourist areas over neglected neighborhoods like the North Zone.",
        "Vila Autódromo, a community of 600 families near the Olympic Park site, resisted eviction for years."
      ]
    }
  }
]