[
  {
    "question": "Why are residents of Rio de Janeiro's neglected neighborhoods frustrated with government spending?",
    "answer": "Residents express frustration because government spending prioritizes tourist areas over neglected neighborhoods like the North Zone.",
    "keypoints": [
      "Residents express frustration that government spending prioritizes tourist areas over neglected neighborhoods like the North Zone."
    ]
  },
  {
    "question": "How many bus lines connecting Rio de Janeiro's North Zone to the South Zone were cut for Olympic preparations?",
    "answer": "Rio de Janeiro cut 11 bus lines connecting the poor North Zone to the tourist-rich South Zone in preparation for the Olympics.",
    "keypoints": [
      "Patricia observed that Rio de Janeiro cut 11 bus lines connecting the poor North Zone to the tourist-rich South Zone in preparation for the Olympics."
    ]
  }
]
