[
  {
    "question": "Why was an acoustic barrier constructed between the airport and South Zone in Rio de Janeiro?",
    "answer": "To prevent people traveling from the airport to the South Zone from seeing the reality of the city.",
    "keypoints": [
      "An acoustic barrier was constructed to prevent people traveling from the airport to the South Zone from seeing the reality of the city."
    ]
  },
  {
    "question": "What are the socioeconomic characteristics distinguishing Rio de Janeiro's North Zone and South Zone?",
    "answer": "The North Zone is characterized by slums and low income, while the South Zone is known for tourism and high income.",
    "keypoints": [
      "The North Zone is characterized by slums and low income, while the South Zone is known for tourism and high income."
    ]
  },
  {
    "question": "Why are public housing units being constructed across Rio de Janeiro?",
    "answer": "To address housing needs.",
    "keypoints": [
      "Public housing units are being constructed in various locations across Rio de Janeiro, aimed at addressing housing needs."
    ]
  },
  {
    "question": "What do protests and demonstrations across Rio de Janeiro reflect?",
    "answer": "Social unrest and public concerns.",
    "keypoints": [
      "Protests and demonstrations occur in different parts of the city, reflecting social unrest and public concerns."
    ]
  },
  {
    "question": "What physical change occurred in Vila Autódromo due to Olympic developments?",
    "answer": "Structures were demolished.",
    "keypoints": [
      "The demolition of structures in Vila Autódromo is captured, highlighting the physical changes brought about by the Olympic developments."
    ]
  }
]