[
  {
    "question": "Which common food item has the highest greenhouse gas emissions per kilogram?",
    "answer": "Beef production generates the highest greenhouse gas emissions per kilogram among common foods.",
    "keypoints": [
      "• Beef production generates the highest greenhouse gas emissions per kilogram among common foods."
    ]
  },
  {
    "question": "What is the primary reason animal products have higher emissions than vegetables?",
    "answer": "Animal products have higher emissions than vegetables primarily due to emissions from growing and processing livestock feed.",
    "keypoints": [
      "• Animal products have higher emissions than vegetables primarily due to emissions from growing and processing livestock feed."
    ]
  },
  {
    "question": "How much higher is methane's global warming potential compared to carbon dioxide over 100 years?",
    "answer": "Methane has a global warming potential 21 times higher than carbon dioxide over 100 years.",
    "keypoints": [
      "• Methane has a global warming potential 21 times higher than carbon dioxide over 100 years."
    ]
  },
  {
    "question": "What is the largest human-related source of global methane emissions?",
    "answer": "Enteric fermentation is the largest human-related source of global methane emissions, exceeding fossil fuel methane emissions.",
    "keypoints": [
      "• Enteric fermentation is the largest human-related source of global methane emissions, exceeding fossil fuel methane emissions."
    ]
  }
]
