[
  {
    "question": "What percentage of greenhouse gas emissions from cows comes from enteric fermentation?",
    "answer": "Enteric fermentation in cows accounts for 95% of their greenhouse gas emissions.",
    "keypoints": [
      "The video illustrates that enteric fermentation in cows produces methane, which constitutes 95% of their greenhouse gas emissions."
    ]
  },
  {
    "question": "How much did global human land use increase from the year 100 to 2016?",
    "answer": "Global human land use increased from approximately 0.5 billion hectares in the year 100 to over 5 billion hectares by 2016.",
    "keypoints": [
      "Global human land use increased from approximately 0.5 billion hectares in the year 100 to over 5 billion hectares by 2016, with a significant rise in built environment and agriculture contributing to this growth."
    ]
  },
  {
    "question": "Which food products have the highest environmental impact based on carbon dioxide equivalents per kilogram?",
    "answer": "Beef production has the highest environmental impact, followed by sheep, cheese, and chocolate.",
    "keypoints": [
      "The bar chart shows that beef production has the highest environmental impact among various food items, followed by sheep, cheese, and chocolate, based on factors like distribution, animal feed, farming process, and land use change."
    ]
  }
]