[
  {
    "question": "What propulsion technology and operator interface does the Candela P12 ferry use during its operations?",
    "answer": "The ferry uses a battery-powered system with three carbon fiber hydrofoils for propulsion and is operated via advanced control panels with multiple screens displaying navigation data.",
    "keypoints": {
      "video": [
        "The interior of the ferry shows a driver operating the vessel using advanced control panels with multiple screens displaying navigation data."
      ],
      "text": [
        "The P12 is powered solely by battery and utilizes three carbon fiber hydrofoils to glide above the water."
      ]
    }
  }
]