[
  {
    "question": "What assistance is provided to passengers boarding the Candela ferry at the dock?",
    "answer": "A staff member in a high-visibility jacket assists passengers boarding the blue and white Candela ferry at the dock.",
    "keypoints": [
      "Passengers board the blue and white Candela ferry at a dock, where a staff member in a high-visibility jacket assists them."
    ]
  },
  {
    "question": "What is Gustav Hasselskog's role at Candela and what topic is he discussing?",
    "answer": "Gustav Hasselskog is the founder and CEO of Candela, and he is discussing sustainable business practices.",
    "keypoints": [
      "Gustav Hasselskog, identified as the founder and CEO of Candela, stands on a cobblestone waterfront, speaking about sustainable business practices."
    ]
  }
]