[
  {
    "question": "How does the CL1 computer create synthetic biological intelligence?",
    "answer": "The CL1 computer fuses cell-derived neurons with silicon to create a new class of artificial intelligence called synthetic biological intelligence.",
    "keypoints": [
      "The CL1 computer fuses cell-derived neurons with silicon to create a new class of artificial intelligence called synthetic biological intelligence."
    ]
  },
  {
    "question": "How does the CL1 computer's performance compare to standard silicon-based AI in terms of learning speed and energy consumption?",
    "answer": "The CL1 computer learns and adapts faster than standard silicon-based AI while consuming 97% less energy.",
    "keypoints": [
      "CEO and founder Han Wang Chong states the CL1 learns and adapts faster than standard silicon-based AI while consuming 97% less energy."
    ]
  },
  {
    "question": "What components are included in the CL1's artificial life support system to maintain cell health?",
    "answer": "The CL1 includes an artificial life support system with pumps, waste-feeding reservoirs, filtration units, and a gas mixer to maintain cell health.",
    "keypoints": [
      "The CL1 includes an artificial life support system with pumps, waste-feeding reservoirs, filtration units, and a gas mixer to maintain cell health."
    ]
  }
]
