[
  {
    "question": "How does the use of robotic automation in Volkswagen's assembly operations align with Prime Minister Narendra Modi's manufacturing hub goal, and what operational challenge arises?",
    "answer": "Robotic automation supports Modi's goal to make India into a manufacturing hub, but reliance on imported parts for assembly often triggers tax investigations, creating compliance challenges.",
    "keypoints": {
      "video": [
        "A Volkswagen car is being assembled on a robotic assembly line within a factory."
      ],
      "text": [
        "Prime Minister Narendra Modi wants to turn India into a manufacturing hub.",
        "The reliance on imported parts for assembly operations often spurs tax investigations in India."
      ]
    }
  }
]