[
  {
    "question": "What legal action is Volkswagen taking against Indian authorities regarding the $1.4 billion tax demand?",
    "answer": "Volkswagen is suing Indian authorities to quash the $1.4 billion tax demand.",
    "keypoints": [
      "Volkswagen is suing Indian authorities to quash the $1.4 billion tax demand."
    ]
  },
  {
    "question": "What potential impact could lengthy tax investigations and litigation have on foreign firms in India?",
    "answer": "Lengthy tax investigations and litigation could sour foreign firms' plans in India, the fastest-growing major economy.",
    "keypoints": [
      "Lengthy tax investigations and litigation could sour foreign firms' plans in India, the fastest-growing major economy."
    ]
  },
  {
    "question": "What is the total disputed amount faced by automakers Hyundai, Honda, and Toyota in India?",
    "answer": "Automakers Hyundai, Honda, and Toyota collectively face about $6 billion in disputed income tax, customs, and other payments going back years.",
    "keypoints": [
      "Automakers Hyundai, Honda, and Toyota collectively face about $6 billion in disputed income tax, customs, and other payments going back years."
    ]
  }
]
