[
  {
    "question": "What event did Prime Minister Narendra Modi address at the Indo-French CEOs Forum?",
    "answer": "Prime Minister Narendra Modi addressed an audience at the Indo-French CEOs Forum.",
    "keypoints": [
      "Prime Minister Narendra Modi addresses an audience at the Indo-French CEOs Forum, standing at a podium with flags in the background."
    ]
  },
  {
    "question": "What occurred as Prime Minister Narendra Modi waved to the crowd during the celebratory event?",
    "answer": "Golden confetti fell as Prime Minister Narendra Modi waved to the crowd.",
    "keypoints": [
      "Golden confetti falls as Prime Minister Narendra Modi waves to a crowd during a celebratory event."
    ]
  },
  {
    "question": "What specific components are workers focusing on while assembling a car on the production line?",
    "answer": "Workers are focusing on the interior and engine components during assembly.",
    "keypoints": [
      "Workers assemble a car on a production line inside a factory, focusing on the interior and engine components."
    ]
  }
]