[
  {
    "question": "What specific numbers were displayed in the confession video of the suspect in General Igor Kirov's assassination, and which news outlet published this video?",
    "answer": "The numbers 831 966 звонков were displayed, and the video was published by the Baza news outlet.",
    "keypoints": {
      "video": [
        "A man in a dark jacket is shown on screen with text indicating that the video contains content some people may find distressing, and numbers such as 831 966 звонков are displayed."
      ],
      "text": [
        "A video of the suspect's confession was published by the Baza news outlet, which has sources in Russian law enforcement."
      ]
    }
  }
]