[
  {
    "question": "Which news outlet published the video of the suspect's confession in the General Igor Kirov case?",
    "answer": "The Baza news outlet published the video of the suspect's confession.",
    "keypoints": [
      "A video of the suspect's confession was published by the Baza news outlet, which has sources in Russian law enforcement."
    ]
  },
  {
    "question": "Could Reuters verify the authenticity of the confession video or the conditions of the suspect's statement?",
    "answer": "Reuters could not immediately verify the authenticity of the confession video or the conditions under which the suspect spoke.",
    "keypoints": [
      "Reuters could not immediately verify the authenticity of the confession video or the conditions under which the suspect spoke."
    ]
  }
]
