[
  {
    "question": "Following Microsoft's closure of its African Development Center in Lagos, Nigeria, what was the original purpose of this center when it launched in 2022, and what does the '#MicrosoftADC' branding observed at a Nairobi event indicate about the company's regional focus?",
    "answer": "The center launched in 2022 to deliver high-end engineering and innovation solutions. The '#MicrosoftADC' branding indicates Microsoft's strategic focus on African development initiatives across the continent.",
    "keypoints": {
      "video": [
        "A screen shows the hashtag '#MicrosoftADC' alongside the outline of Africa, indicating a focus on African development."
      ],
      "text": [
        "Microsoft opened the African Development Center in Lagos, Nigeria, in 2022 to deliver high-end engineering and innovation solutions."
      ]
    }
  }
]