[
  {
    "question": "What is central to BHP Group Limited's strategy for a potential takeover of Anglo American?",
    "answer": "Divesting Anglo American's South African assets is central to BHP Group Limited's takeover strategy.",
    "keypoints": [
      "BHP Group Limited's plan to divest Anglo American's South African assets is central to its strategy for a potential takeover of Anglo American."
    ]
  },
  {
    "question": "What do investors briefed on BHP's thinking expect in any revised offer for Anglo American?",
    "answer": "Investors expect divestment of Anglo American's South African assets to be part of any revised offer.",
    "keypoints": [
      "Investors briefed on BHP's thinking expect divestment of Anglo American's South African assets to be part of any revised offer."
    ]
  }
]
