[
  {
    "question": "What are the contents and physical characteristics of the Crosby-Schøyen Codex, one of the oldest books in existence from Egypt?",
    "answer": "The Crosby-Schøyen Codex contains the earliest known texts of the First Epistle of Peter and the Book of Jonah, written in ancient Greek on papyrus sheets with visible wear and tear, dating to 250-350 AD.",
    "keypoints": {
      "video": [
        "The Crosby-Schøyen Codex is one of the oldest books in existence, originating from Egypt and written around 250-350 AD.",
        "The codex contains ancient Greek text on papyrus sheets, with visible wear and tear indicating its age."
      ],
      "text": [
        "This book contains the earliest known texts of the First Epistle of Peter.",
        "This book contains the earliest known texts of the Book of Jonah."
      ]
    }
  },
  {
    "question": "Who presented the Crosby-Schøyen Codex at Christie's, what are its auction details, and what historical transition does it represent?",
    "answer": "Eugenio Donadoni, a Senior Specialist at Christie's for Medieval and Renaissance Manuscripts, presented the codex, which is estimated to sell for up to $3.8 million at auction on June 11. It represents the transitional period between papyrus scrolls and codex-form books.",
    "keypoints": {
      "video": [
        "Eugenio Donadoni, a Senior Specialist at Christie's for Medieval and Renaissance Manuscripts, presents the Crosby-Schøyen Codex.",
        "Christie's estimates that the Crosby-Schøyen Codex will sell for up to $3.8 million when auctioned on June 11."
      ],
      "text": [
        "The text describes a book from the transitional period between papyrus scrolls and codex-form books."
      ]
    }
  },
  {
    "question": "How is the Crosby-Schøyen Codex displayed to emphasize its significance, and what key Christian tradition does it document?",
    "answer": "The Crosby-Schøyen Codex is displayed in a circular arrangement of framed papyrus sheets to highlight its historical significance, and it documents the earliest known Christian Easter celebrations.",
    "keypoints": {
      "video": [
        "The display setup includes a circular arrangement of framed papyrus sheets, highlighting the historical significance of the codex."
      ],
      "text": [
        "The book provides a witness to the earliest known Christian Easter celebrations."
      ]
    }
  }
]