[
  {
    "question": "What is the origin and approximate creation date of the Crosby-Schøyen Codex?",
    "answer": "The Crosby-Schøyen Codex originated in Egypt and was written around 250-350 AD.",
    "keypoints": [
      "The Crosby-Schøyen Codex is one of the oldest books in existence, originating from Egypt and written around 250-350 AD."
    ]
  },
  {
    "question": "What is Christie's estimated auction value and date for the Crosby-Schøyen Codex?",
    "answer": "Christie's estimates the Crosby-Schøyen Codex will sell for up to $3.8 million at its auction on June 11.",
    "keypoints": [
      "Christie's estimates that the Crosby-Schøyen Codex will sell for up to $3.8 million when auctioned on June 11."
    ]
  }
]