[
  {
    "question": "Following Kaiser Wilhelm II's 1914 declaration of a state of war, which countries formed the opposing alliances in World War I, and what major consequence did the war have on European monarchies?",
    "answer": "The opposing alliances were Germany, Austria-Hungary, and the Ottoman Empire versus an alliance led by Britain, Russia, and France. A major consequence was the end of the era of monarchy in Europe.",
    "keypoints": {
      "video": [
        "A newspaper headline from 1914 declares 'Kaiser Decrees a State of War,' signaling the onset of World War I."
      ],
      "text": [
        "World War I began in 1914, pitting Wilhelm II's Germany, Austria-Hungary, and the Ottoman Empire against an alliance led by Britain, Russia, and France.",
        "World War I killed over 10 million people and ended the era of monarchy in Europe."
      ]
    }
  },
  {
    "question": "What was the fate of Tsar Nicholas II and Tsarina Alexandra of Russia, and which topic related to the Romanovs did historian Helen Rappaport discuss?",
    "answer": "Tsar Nicholas II and Tsarina Alexandra were forced to abandon their thrones and were executed by Communists. Historian Helen Rappaport discussed the topic of saving the Romanovs.",
    "keypoints": {
      "video": [
        "Helen Rappaport, a historian and author, discusses the topic of saving the Romanovs in an interview setting."
      ],
      "text": [
        "Kaiser Wilhelm II, Tsarina Alexandra, and Tsar Nicholas II were forced to abandon their thrones; Nicholas and Alexandra were executed by Communists."
      ]
    }
  },
  {
    "question": "During what years did the Crimean War occur, and why did Queen Victoria harbor deep apprehensions about Russia during this period?",
    "answer": "The Crimean War occurred from 1853 to 1856. Queen Victoria harbored deep apprehensions about Russia due to its autocratic government, British Russophobia, and territorial competition.",
    "keypoints": {
      "video": [
        "The Crimean War took place from 1853 to 1856, involving multiple European powers as shown in historical paintings and maps."
      ],
      "text": [
        "Queen Victoria had deep apprehensions about Russia due to its autocratic government, British Russophobia, and territorial competition, including the 1850s Crimean War."
      ]
    }
  }
]