[
  {
    "question": "How many guests attended the 2011 British royal wedding of Prince William and Kate Middleton, and which notable figures were present?",
    "answer": "The wedding included 1,900 guests, with high-profile figures like footballer David Beckham, fashion designer Victoria Beckham, and musician Elton John.",
    "keypoints": [
      "The 2011 British royal wedding of Prince William and Kate Middleton included 1,900 guests, including high-profile figures like footballer David Beckham, fashion designer Victoria Beckham, and musician Elton John."
    ]
  },
  {
    "question": "Why did Queen Victoria arrange marriages between her children and European royal families?",
    "answer": "To maintain British political power during her 63-year reign.",
    "keypoints": [
      "Queen Victoria strategically married her children into European royal families to maintain British political power during her 63-year reign."
    ]
  },
  {
    "question": "Who did Queen Victoria's daughter Vicky marry, and what was Prussia's status among German states?",
    "answer": "Vicky married the heir to the Prussian throne, the largest and most powerful German state.",
    "keypoints": [
      "Queen Victoria's daughter Vicky married the heir to the Prussian throne, the largest and most powerful German state."
    ]
  },
  {
    "question": "What were Queen Victoria and Prince Albert's objectives in building connections with Prussia?",
    "answer": "They aimed for Prussia to lead German unification and promote constitutional monarchy in Europe.",
    "keypoints": [
      "Queen Victoria and Prince Albert aimed to build strong connections with Prussia, believing it would lead German unification and promote constitutional monarchy in Europe."
    ]
  },
  {
    "question": "Which of Queen Victoria's children married German royalty?",
    "answer": "Alice, Beatrice, Helena, Leopold, and Arthur married German royalty.",
    "keypoints": [
      "Queen Victoria's children Alice, Beatrice, Helena, Leopold, and Arthur married German royalty."
    ]
  },
  {
    "question": "Who did Prince Albert Edward marry, and what was her royal connection?",
    "answer": "He married a Danish princess whose brother was King of Greece.",
    "keypoints": [
      "Prince Albert Edward, Queen Victoria's eldest son, married a Danish princess whose brother was King of Greece."
    ]
  },
  {
    "question": "Why did Queen Victoria have deep apprehensions about Russia?",
    "answer": "Due to Russia's autocratic government, British Russophobia, and territorial competition including the 1850s Crimean War.",
    "keypoints": [
      "Queen Victoria had deep apprehensions about Russia due to its autocratic government, British Russophobia, and territorial competition, including the 1850s Crimean War."
    ]
  },
  {
    "question": "What was Queen Victoria's stance on her son Alfred's marriage to the Russian Tsar's daughter?",
    "answer": "She had reservations, but Alfred married the daughter of the Russian Tsar despite her concerns.",
    "keypoints": [
      "Queen Victoria's son Alfred married the daughter of the Russian Tsar despite her reservations."
    ]
  },
  {
    "question": "By when had Queen Victoria's children secured positions in European monarchies?",
    "answer": "By the 1880s.",
    "keypoints": [
      "By the 1880s, Queen Victoria's children held positions in several important European monarchies."
    ]
  },
  {
    "question": "How and when did Germany unify under Prussian leadership?",
    "answer": "Germany unified in 1871 through a series of bloody wars, not peacefully.",
    "keypoints": [
      "Germany unified under Prussian leadership in 1871 through a series of bloody wars, not peacefully."
    ]
  }
]
