[
  {
    "question": "When did Queen Victoria marry Prince Albert?",
    "answer": "In 1840.",
    "keypoints": [
      "Queen Victoria married Prince Albert in 1840, as depicted in historical images and records."
    ]
  },
  {
    "question": "Which two European monarchs were descendants of Queen Victoria?",
    "answer": "Kaiser Wilhelm II of Germany and Czar Nicholas II of Russia.",
    "keypoints": [
      "Queen Victoria's descendants were spread across Europe, including Kaiser Wilhelm II of Germany and Czar Nicholas II of Russia."
    ]
  },
  {
    "question": "Which country expanded into Eastern Europe after World War II?",
    "answer": "The Soviet Union.",
    "keypoints": [
      "A map illustrates the political divisions in Europe post-World War II, showing the Soviet Union's expansion into Eastern Europe."
    ]
  },
  {
    "question": "Who was a central figure in the British monarchy during the early 20th century?",
    "answer": "King George V of Britain.",
    "keypoints": [
      "King George V of Britain is highlighted on a map, emphasizing his role as a central figure in the British monarchy during the early 20th century."
    ]
  },
  {
    "question": "Which royals participated in the church procession alongside the Princess of Sweden and former King of Greece?",
    "answer": "The Queen of Spain and Prince of Spain.",
    "keypoints": [
      "The Queen of Spain and Prince of Spain were part of the procession exiting the church, alongside the Princess of Sweden and the former King of Greece."
    ]
  },
  {
    "question": "Who were two key figures shown in the early 20th-century European royal families map?",
    "answer": "King George V of Britain and Czar Nicholas II of Russia.",
    "keypoints": [
      "The map shows the geographical distribution of European royal families in the early 20th century, with key figures like King George V of Britain and Czar Nicholas II of Russia."
    ]
  }
]