[
  {
    "question": "What global market share did Xiaomi achieve in the first quarter of this year, and what does the presence of its retail store indicate about its market expansion?",
    "answer": "Xiaomi secured over 14% of the global smartphone market in the first quarter of this year, and the presence of its retail store indicates the company's strategy to expand physical retail accessibility for consumers.",
    "keypoints": {
      "video": [
        "The entrance to a Xiaomi store is visible, with a customer browsing products inside."
      ],
      "text": [
        "Xiaomi secured over 14% of the global smartphone market, closing in on Apple."
      ]
    }
  },
  {
    "question": "How did Chinese media characterize Huawei's latest flagship phones, and what brand-specific marketing message is displayed in its retail environment?",
    "answer": "Chinese media hailed Huawei's latest flagship phones as a triumph over U.S. sanctions, and its retail environment displays a banner reading 'GUIDE to the Internet' as part of its brand messaging.",
    "keypoints": {
      "video": [
        "A woman wearing a face mask uses her smartphone under a Huawei banner that reads 'GUIDE to the Internet'."
      ],
      "text": [
        "Chinese media hailed Huawei's latest flagship phones as a triumph over U.S. sanctions."
      ]
    }
  },
  {
    "question": "What factors contributed to Samsung becoming the world's top phone maker in Q1, and how do influencers participate in smartphone promotion events?",
    "answer": "Samsung became the world's top phone maker by launching new flagship phones that drove a strong sales increase, achieving a 21% market share, while influencers participate by showcasing devices' sleek designs and features at promotional events.",
    "keypoints": {
      "video": [
        "A person wearing an 'Influencer' badge holds a smartphone with a sleek design, showcasing its features."
      ],
      "text": [
        "Research firm IDC reported that Apple lost its position as the world's top phone maker to Samsung.",
        "South Korea's Samsung achieved a market share of almost 21% in the first quarter of this year.",
        "Samsung launched new flagship phones during the first quarter, driving a strong rise in its sales."
      ]
    }
  }
]