[
  {
    "question": "What location is indicated as 60 feet away on the smartphone navigation screen?",
    "answer": "The smartphone navigation screen indicates Apple Park Visitor Center is 60 feet away on the left.",
    "keypoints": [
      "The screen of another smartphone displays navigation instructions indicating '60 ft On your left: Apple Park Visitor Center.'"
    ]
  },
  {
    "question": "What text appears on the Huawei banner where a woman is using her smartphone?",
    "answer": "The Huawei banner displays the text 'GUIDE to the Internet'.",
    "keypoints": [
      "A woman wearing a face mask uses her smartphone under a Huawei banner that reads 'GUIDE to the Internet.'"
    ]
  }
]