[
  {
    "question": "What is the survival rate of leatherback sea turtle hatchlings to adulthood according to Hirun Kanghae from Thailand's Department of Marine and Coastal Resources?",
    "answer": "The survival rate of leatherback sea turtle hatchlings to adulthood is between 0.1% and 0.2%.",
    "keypoints": [
      "The survival rate of leatherback sea turtle hatchlings to adulthood is between 0.1% and 0.2%, as stated by Hirun Kanghae, Senior fishery biologist from the Department of Marine and Coastal Resources."
    ]
  },
  {
    "question": "Why are scientists studying the travel routes of baby leatherback sea turtles after they hatch?",
    "answer": "Scientists are studying their travel routes to understand where they go after hatching, aiming to implement measures for protection.",
    "keypoints": [
      "Scientists are studying the travel routes of baby turtles to understand where they go after hatching, aiming to implement measures for protection."
    ]
  }
]