[
  {
    "question": "What emergency response activities were visible at Bangkok airport following Singapore Airlines flight SQ321's emergency landing, and how was the tarmac utilized for medical treatment?",
    "answer": "Rescue workers in orange uniforms assisted passengers off the plane while medical staff transported injured individuals on stretchers to ambulances. The tarmac functioned as a makeshift emergency room to treat casualties from the turbulence incident.",
    "keypoints": {
      "video": [
        "A rescue worker in an orange uniform assists passengers off a plane at an airport, where emergency vehicles and personnel are gathered.",
        "Passengers are being transported on stretchers from the aircraft to waiting ambulances by medical staff wearing white uniforms."
      ],
      "text": [
        "The tarmac at Bangkok airport became a makeshift emergency room to treat the injured."
      ]
    }
  },
  {
    "question": "How did security personnel and emergency vehicles coordinate the medical response on the tarmac after Singapore Airlines flight SQ321's emergency landing in Bangkok?",
    "answer": "Security personnel in high-visibility vests directed traffic and managed the scene outside the airport terminal while ambulances with activated emergency lights were positioned near the terminal to transport patients from the makeshift emergency treatment area.",
    "keypoints": {
      "video": [
        "An ambulance is parked near the airport terminal, with emergency lights flashing as it prepares to transport patients.",
        "Security personnel in high-visibility vests direct traffic and manage the scene outside the airport terminal."
      ],
      "text": [
        "The tarmac at Bangkok airport became a makeshift emergency room to treat the injured."
      ]
    }
  }
]