[
  {
    "question": "What caused Singapore Airlines flight SQ321 to make an emergency landing in Bangkok?",
    "answer": "Severe turbulence caused the plane to fall into an air pocket, forcing an emergency landing in Bangkok.",
    "keypoints": [
      "The flight encountered severe turbulence, causing the plane to fall into an air pocket and forcing an emergency landing in Bangkok."
    ]
  },
  {
    "question": "What was the likely cause of death for the 73-year-old British man on Singapore Airlines flight SQ321?",
    "answer": "A senior airport official stated the man likely died due to a heart attack.",
    "keypoints": [
      "The British man likely died due to a heart attack, according to a senior airport official."
    ]
  }
]
