[
  {
    "question": "Following Boeing's announcement of 177,000 job cuts and 777X delivery delays, what protest action occurred near a Boeing facility as shown in the video, and how did Boeing shares respond?",
    "answer": "Protesters stood behind a fence holding signs reading 'ON STRIKE AT BOEING' near a Boeing facility. Boeing's shares traded lower on Monday following these developments.",
    "keypoints": {
      "video": [
        "Protesters stand behind a fence, holding signs that read 'ON STRIKE AT BOEING', near a Boeing facility."
      ],
      "text": [
        "Boeing shares traded lower on Monday following these developments."
      ]
    }
  }
]