[
  {
    "question": "What event occurred at a conference room on September 12, 2024, involving Boeing protesters?",
    "answer": "Protesters held a demonstration against Boeing, displaying signs reading 'ON STRIKE Against Boeing'.",
    "keypoints": [
      "Protesters hold signs reading 'ON STRIKE Against Boeing' during a demonstration inside a conference room on September 12, 2024."
    ]
  },
  {
    "question": "Where were workers moving a partially assembled Boeing airplane using a tug vehicle?",
    "answer": "Inside a Boeing aircraft assembly line.",
    "keypoints": [
      "Workers are seen inside a Boeing aircraft assembly line, moving a partially assembled airplane using a tug vehicle."
    ]
  }
]