[
  {
    "question": "What specific change to the marriage equality bill's terminology did LGBT advocates propose during the parliamentary debate, and how did supporters visually promote equality?",
    "answer": "LGBT advocates proposed changing 'father' and 'mother' to the gender-neutral 'parent' in the bill, though unsuccessfully. Supporters visually promoted equality through two individuals in white wedding attire holding a banner with Thai text advocating for marriage equality.",
    "keypoints": {
      "video": [
        "Two individuals dressed in white wedding attire hold a banner with Thai text that promotes marriage equality."
      ],
      "text": [
        "During Wednesday's debate, LGBT advocates on the parliamentary committee unsuccessfully pushed to change \"father\" and \"mother\" to the gender-neutral \"parent\" in the bill."
      ]
    }
  },
  {
    "question": "What public demonstrations supported LGBT rights in Thailand, and how did activists describe the alignment between social attitudes and legal institutions prior to the bill's passage?",
    "answer": "Demonstrations included parades with rainbow flags and banners promoting equality/diversity, and a large rainbow flag carried during a public protest. Activists maintained that Thailand's laws and institutions did not reflect prevailing social attitudes toward LGBT people despite visible public support.",
    "keypoints": {
      "video": [
        "Participants in a parade carry rainbow flags and banners with messages promoting equality and diversity.",
        "A large rainbow flag is carried by a group of people during a public demonstration."
      ],
      "text": [
        "Rights activists have long maintained Thailand's laws and institutions do not reflect social attitudes towards LGBT people and same-sex couples."
      ]
    }
  },
  {
    "question": "What inclusive accessibility measure was implemented during Thailand's parliamentary proceedings for the marriage equality bill, and what was the vote outcome?",
    "answer": "A sign language interpreter provided accessibility during the proceedings. The bill was approved by 400 of the 415 lawmakers present.",
    "keypoints": {
      "video": [
        "A man in a suit and tie is seated at a desk, speaking into a microphone while a sign language interpreter translates his words on the screen."
      ],
      "text": [
        "The legislation was passed by 400 of the 415 lawmakers present."
      ]
    }
  },
  {
    "question": "What celebratory public events followed Thailand's marriage equality bill approval, and how does this legislation advance Thailand's regional standing?",
    "answer": "Celebrations featured a parade with rainbow flags/banners promoting equality and a woman dancing energetically amid balloons and confetti. This legislation moves Thailand closer to becoming Asia's third territory to legalize same-sex unions.",
    "keypoints": {
      "video": [
        "Participants in a parade carry rainbow flags and banners with messages promoting equality and diversity.",
        "A woman in a colorful costume dances energetically among a crowd holding balloons and confetti."
      ],
      "text": [
        "The bill's passage is a landmark step moving Thailand closer to becoming Asia's third territory to legalize same-sex unions."
      ]
    }
  }
]