[
  {
    "question": "How does the passage of the marriage equality bill affect Thailand's status in Asia?",
    "answer": "It moves Thailand closer to becoming Asia's third territory to legalize same-sex unions.",
    "keypoints": [
      "The bill's passage is a landmark step moving Thailand closer to becoming Asia's third territory to legalize same-sex unions."
    ]
  },
  {
    "question": "How many lawmakers voted in favor of the marriage equality bill in Thailand's Parliament?",
    "answer": "400 of the 415 lawmakers present approved the legislation.",
    "keypoints": [
      "The legislation was passed by 400 of the 415 lawmakers present."
    ]
  },
  {
    "question": "What does the marriage equality bill's passage indicate about Thailand's position on LGBT issues?",
    "answer": "It marks a significant step towards cementing Thailand's position as one of Asia's most liberal countries on lesbian, gay, bisexual, and transgender issues.",
    "keypoints": [
      "The bill's passage marks a significant step towards cementing Thailand's position as one of Asia's most liberal countries on lesbian, gay, bisexual, and transgender issues."
    ]
  },
  {
    "question": "Why has Thailand historically attracted same-sex couples?",
    "answer": "Thailand has long been a draw for same-sex couples due to its vibrant LGBT social scene for locals and expatriates.",
    "keypoints": [
      "Thailand has long been a draw for same-sex couples and has a vibrant LGBT social scene for locals and expatriates."
    ]
  }
]
