[
  {
    "question": "What were the casualty figures from the flash floods in Mai Mahiu, Kenya, and what specific rescue activities were observed in the affected areas?",
    "answer": "The flash floods caused at least 48 deaths and left dozens missing. Rescue activities included groups of people wearing life jackets assisting others to cross flooded areas and rescue workers navigating through damaged landscapes with uprooted trees and debris.",
    "keypoints": {
      "video": [
        "A group of people wearing life jackets are gathered near a flooded area, assisting others to cross the water.",
        "Rescue workers and civilians navigate through a damaged landscape with uprooted trees and debris."
      ],
      "text": [
        "At least 48 people were killed and dozens remain missing after a mudslide and flash floods hit Mai Mahiu in central Kenya early on Monday."
      ]
    }
  },
  {
    "question": "Following the flash floods in Mai Mahiu, what types of infrastructure damage did the Kenya Red Cross report, as evidenced by submerged vehicles and debris piles?",
    "answer": "The Kenya Red Cross stated floodwaters swept away cars, railway tracks, and houses, resulting in submerged vehicles and large debris piles containing wood and household items.",
    "keypoints": {
      "video": [
        "A white car is partially submerged in floodwater, surrounded by fallen tree branches and mud.",
        "A large pile of debris, including wood and household items, lies on the ground near a body of water."
      ],
      "text": [
        "The Kenya Red Cross stated the water in Mai Mahiu swept away cars, railway tracks, and houses."
      ]
    }
  }
]