[
  {
    "question": "How many people were killed and remain missing after the mudslide and flash floods in Mai Mahiu, Kenya?",
    "answer": "At least 48 people were killed and dozens remain missing after a mudslide and flash floods hit Mai Mahiu in central Kenya early on Monday.",
    "keypoints": [
      "At least 48 people were killed and dozens remain missing after a mudslide and flash floods hit Mai Mahiu in central Kenya early on Monday."
    ]
  },
  {
    "question": "What damage did the Kenya Red Cross report from flooding in Mai Mahiu?",
    "answer": "The Kenya Red Cross stated the water in Mai Mahiu swept away cars, railway tracks, and houses.",
    "keypoints": [
      "The Kenya Red Cross stated the water in Mai Mahiu swept away cars, railway tracks, and houses."
    ]
  },
  {
    "question": "How many flood-related deaths have occurred across Kenya since last month?",
    "answer": "At least 169 people have died across Kenya since last month due to heavy rains and flooding.",
    "keypoints": [
      "At least 169 people have died across Kenya since last month due to heavy rains and flooding."
    ]
  },
  {
    "question": "What weather is expected in Kenya in the coming days according to the president's office?",
    "answer": "More heavy rainfall is expected in several parts of Kenya in the coming days.",
    "keypoints": [
      "The president's office stated more heavy rainfall is expected in several parts of Kenya in the coming days."
    ]
  }
]
