[
  {
    "question": "Where is the Kutupalong refugee camp located that receives Rohingya refugees fleeing violence in Myanmar's Rakhine State?",
    "answer": "The Kutupalong refugee camp is located near the border between Bangladesh and Myanmar.",
    "keypoints": {
      "video": [
        "The Kutupalong refugee camp is located near the border between Bangladesh and Myanmar."
      ],
      "text": [
        "Thousands of Rohingya refugees enter Bangladesh daily, fleeing violence in Myanmar's Rakhine State."
      ]
    }
  },
  {
    "question": "What were the consequences of the August 25, 2017 clashes between ARSA and Myanmar's military in Rakhine State in terms of Rohingya casualties and displacement?",
    "answer": "The clashes resulted in about 400 Rohingya deaths and forced approximately 400,000 Rohingya to flee to Bangladesh.",
    "keypoints": {
      "video": [
        "Deadly clashes erupted in Myanmar's Rakhine state on August 25, 2017, involving the Arakan Rohingya Salvation Army (ARSA) and the Myanmar military."
      ],
      "text": [
        "Myanmar's state security forces retaliated brutally, causing about 400 deaths and the exodus of about 400,000 Rohingya to Bangladesh."
      ]
    }
  },
  {
    "question": "How many villages in Rakhine State were completely destroyed by military operations since August 25, 2017 according to Human Rights Watch, and what evidence confirms these destructions?",
    "answer": "Over 210 villages were completely destroyed, with satellite imagery confirming the military's burning of Rohingya villages.",
    "keypoints": {
      "video": [
        "Over 210 villages were completely destroyed in Rakhine State, Burma since August 25, 2017, according to Human Rights Watch."
      ],
      "text": [
        "Reports state Myanmar's military has been killing and raping Rohingya people and burning their villages, confirmed by satellite imagery."
      ]
    }
  },
  {
    "question": "What action did Myanmar's military take along the Bangladesh border according to Reuters reporting from Dhaka sources, and for what purpose?",
    "answer": "Myanmar's military laid landmines along the Bangladesh border to prevent Rohingya refugees from returning.",
    "keypoints": {
      "video": [
        "The Reuters news article reported that Myanmar was laying landmines near the Bangladesh border based on government sources in Dhaka."
      ],
      "text": [
        "Recent reports claim Myanmar's military has planted landmines along the Bangladesh border to prevent Rohingya refugees from returning."
      ]
    }
  },
  {
    "question": "How does the number of Rohingya refugees fleeing during Operation Clean and Beautiful Nation in 1991 compare to those displaced by Operation Dragon King in 1978?",
    "answer": "Operation Clean and Beautiful Nation forced about 250,000 Rohingya to flee in 1991, significantly more than the nearly 200,000 displaced during Operation Dragon King in 1978.",
    "keypoints": {
      "video": [
        "In September 1978, nearly 200,000 Rohingya refugees fled into Bangladesh due to Operation Dragon King."
      ],
      "text": [
        "Operation Clean and Beautiful Nation in 1991 forced about 250,000 Rohingya to flee to Bangladesh."
      ]
    }
  }
]