[
  {
    "question": "How many Rohingya refugees fled to Bangladesh from Myanmar's Rakhine State since August 2017 according to United Nations reports?",
    "answer": "About 400,000 Rohingya men, women, and children fled Rakhine State since August 2017.",
    "keypoints": [
      "The United Nations reported that about 400,000 Rohingya men, women, and children fled Rakhine State since August 2017."
    ]
  },
  {
    "question": "What specific actions against the Rohingya have been confirmed by satellite imagery in Myanmar?",
    "answer": "Satellite imagery confirmed Myanmar's military has been killing and raping Rohingya people and burning their villages.",
    "keypoints": [
      "Reports state Myanmar's military has been killing and raping Rohingya people and burning their villages, confirmed by satellite imagery."
    ]
  },
  {
    "question": "Why has a full assessment of the human rights situation in Myanmar's Rakhine State been prevented?",
    "answer": "Myanmar has refused access to human rights investigators.",
    "keypoints": [
      "Myanmar has refused access to human rights investigators, preventing a full assessment of the situation."
    ]
  },
  {
    "question": "What religious identity characterizes the Rohingya minority targeted by Myanmar's military?",
    "answer": "The Rohingya are a Muslim minority in Myanmar, which is a majority Buddhist country.",
    "keypoints": [
      "Myanmar's military attacks target the Rohingya, a Muslim minority in the majority Buddhist country."
    ]
  },
  {
    "question": "Where do most Rohingya refugees flee when displaced by Myanmar's military violence?",
    "answer": "Most Rohingya refugees flee to Bangladesh.",
    "keypoints": [
      "Violent tactics by Myanmar's military have forced tens of thousands of Rohingya to flee their homes, with most refugees going to Bangladesh."
    ]
  },
  {
    "question": "How long has the pattern of discrimination against the Rohingya in Myanmar persisted?",
    "answer": "Over 50 years.",
    "keypoints": [
      "The recent violence is part of a pattern of discrimination against the Rohingya spanning over 50 years."
    ]
  },
  {
    "question": "What event occurred in 1962 that established military rule in Burma (now Myanmar)?",
    "answer": "Myanmar's military took over the country in a coup, abolished the constitution, and established a military junta.",
    "keypoints": [
      "Myanmar's military took over the country, then called Burma, in a 1962 coup, abolished the constitution, and established a military junta."
    ]
  },
  {
    "question": "Which ethnic group did Myanmar's military junta single out as a threat while promoting Buddhist nationalism?",
    "answer": "The Rohingya.",
    "keypoints": [
      "The military junta promoted fierce nationalism based on Buddhist identity and singled out the Rohingya as a threat."
    ]
  },
  {
    "question": "What historical event initiated tensions between Burmese Buddhists and the Rohingya?",
    "answer": "Tensions date back to World War II when each group supported opposing sides.",
    "keypoints": [
      "Tensions between the Burmese Buddhist population and the Rohingya date back to World War II, when each group supported opposing sides."
    ]
  },
  {
    "question": "What does Myanmar's government claim about the origin of the Rohingya people?",
    "answer": "Myanmar's government claims the Rohingya are illegal immigrants from Bangladesh.",
    "keypoints": [
      "Myanmar's government claims the Rohingya are illegal immigrants from Bangladesh, despite their lineage tracing back to 15th century Burma."
    ]
  },
  {
    "question": "How many Rohingya were forced to flee to Bangladesh during Operation Dragon King in 1978?",
    "answer": "About 200,000 Rohingya.",
    "keypoints": [
      "Operation Dragon King in 1978 forced about 200,000 Rohingya to flee to Bangladesh through military violence and rape."
    ]
  },
  {
    "question": "How did Myanmar's 1982 Citizenship Act affect the Rohingya population?",
    "answer": "It excluded approximately 1 million Rohingya, rendering them stateless.",
    "keypoints": [
      "Myanmar's 1982 Citizenship Act recognized 135 ethnic groups but excluded the approximately 1 million Rohingya, rendering them stateless."
    ]
  }
]
