[
  {
    "question": "How many people fled due to persecution, discrimination, radicalization, and violent repression?",
    "answer": "More than 400,000 people fled.",
    "keypoints": [
      "A vicious cycle of persecution, discrimination, radicalization and violent repression has led more than 400,000 desperate people to flee, putting regional stability at risk."
    ]
  },
  {
    "question": "Where is the Kutupalong refugee camp located?",
    "answer": "Near the border between Bangladesh and Myanmar.",
    "keypoints": [
      "The Kutupalong refugee camp is located near the border between Bangladesh and Myanmar."
    ]
  },
  {
    "question": "What is the definition of ethnic cleansing?",
    "answer": "A purposeful policy designed by one ethnic or religious group to remove another by violent and terror-inspiring means.",
    "keypoints": [
      "Ethnic cleansing is a purposeful policy designed by one ethnic or religious group to remove another by violent and terror-inspiring means."
    ]
  },
  {
    "question": "How many Rohingya refugees fled into Bangladesh during Operation Dragon King in September 1978?",
    "answer": "Nearly 200,000 Rohingya refugees fled.",
    "keypoints": [
      "In September 1978, nearly 200,000 Rohingya refugees fled into Bangladesh due to Operation Dragon King."
    ]
  },
  {
    "question": "What was the effect of Myanmar's 1982 Citizenship Law on the Rohingya?",
    "answer": "It excluded most Rohingya from citizenship based on deeply flawed and outdated notions about race and ethnicity.",
    "keypoints": [
      "The 1982 Citizenship Law in Myanmar effectively excluded most of the Rohingya from citizenship based on deeply flawed and outdated notions about race and ethnicity."
    ]
  },
  {
    "question": "What are the primary religions of Myanmar's majority population and the Rohingya?",
    "answer": "The majority of Myanmar's population practices Buddhism, while the Rohingya are predominantly Muslim.",
    "keypoints": [
      "The majority of Myanmar's population practices Buddhism, while the Rohingya are predominantly Muslim."
    ]
  },
  {
    "question": "How many refugees returned to Arakan between 1991 and 1992 under the Bangladesh-Myanmar agreement?",
    "answer": "Some 250,000 refugees returned.",
    "keypoints": [
      "Between 1991 and 1992, some 250,000 refugees returned to Arakan as part of an agreement between the Bangladesh and Myanmar governments."
    ]
  },
  {
    "question": "What was the consequence of Operation Clean and Beautiful Nation initiated in 1991?",
    "answer": "It led to further displacement of the Rohingya population.",
    "keypoints": [
      "Operation clean and beautiful nation was initiated in 1991, leading to further displacement of the Rohingya population."
    ]
  },
  {
    "question": "Which groups clashed in Myanmar's Rakhine State on August 25, 2017?",
    "answer": "The Arakan Rohingya Salvation Army (ARSA) and the Myanmar military.",
    "keypoints": [
      "Deadly clashes erupted in Myanmar's Rakhine state on August 25, 2017, involving the Arakan Rohingya Salvation Army (ARSA) and the Myanmar military."
    ]
  },
  {
    "question": "How many villages were destroyed in Rakhine State, Burma, since August 25, 2017, as reported by Human Rights Watch?",
    "answer": "Over 210 villages were completely destroyed.",
    "keypoints": [
      "Over 210 villages were completely destroyed in Rakhine State, Burma since August 25, 2017, according to Human Rights Watch."
    ]
  },
  {
    "question": "What did Reuters report about Myanmar's actions near the Bangladesh border, according to Dhaka government sources?",
    "answer": "Myanmar was laying landmines near the Bangladesh border.",
    "keypoints": [
      "The Reuters news article reported that Myanmar was laying landmines near the Bangladesh border based on government sources in Dhaka."
    ]
  }
]