[
  {
    "question": "What was the peak Bitcoin price shown in the sharp-rising chart, and what future price level did a Reuters analyst identify as the next market focus?",
    "answer": "The chart showed Bitcoin rising sharply to $103,000 USD, with a Reuters analyst stating markets were in 'Blue Sky territory' with focus on the $110,000 level.",
    "keypoints": {
      "video": [
        "A chart shows the Bitcoin price rising sharply to $103,000 USD within a short timeframe."
      ],
      "text": [
        "One analyst told Reuters that markets were in 'Blue Sky territory' with focus on the $110,000 level."
      ]
    }
  }
]