[
  {
    "question": "What was the exact Bitcoin price and 24-hour percentage increase shown on the digital display?",
    "answer": "The digital display showed a Bitcoin price of $102,798.48 with a 7.28% increase over one day.",
    "keypoints": [
      "The Bitcoin price is displayed on a digital screen showing $102,798.48 with a 7.28% increase over one day."
    ]
  },
  {
    "question": "To what price level did Bitcoin rise according to the chart?",
    "answer": "The chart showed Bitcoin rising sharply to $103,000 USD.",
    "keypoints": [
      "A chart shows the Bitcoin price rising sharply to $103,000 USD within a short timeframe."
    ]
  }
]