[
  {
    "question": "In the car fire incident on November 4, 2024, in Al-Bireh, West Bank, what was the condition of the interior of a burned car and the nearby petrol tank?",
    "answer": "The interior of the burned car revealed melted and charred components, but a petrol tank near the scene was not burned.",
    "keypoints": {
      "video": [
        "The interior of a burned car is visible, revealing melted and charred components."
      ],
      "text": [
        "A petrol tank near the scene was not burned."
      ]
    }
  }
]