[
  {
    "question": "What incident occurred on a residential street on November 4, 2024?",
    "answer": "A car fire occurred, with firefighters actively extinguishing it.",
    "keypoints": [
      "A firefighter is seen extinguishing a car fire on a residential street at night, with the date displayed as November 4, 2024."
    ]
  },
  {
    "question": "What did surveillance footage from Camera 01 capture on November 4, 2024, at 03:16:02?",
    "answer": "A white van and several cars in a dimly lit area.",
    "keypoints": [
      "Surveillance footage from Camera 01 captures a white van and several cars parked in a dimly lit area on November 4, 2024, at 03:16:02."
    ]
  }
]