[
  {
    "question": "What threat does the Alan Turing Institute's briefing paper associate with AI-enabled influence operations?",
    "answer": "The briefing paper associates AI-enabled influence operations with a threat to the UK General Election.",
    "keypoints": [
      "The Alan Turing Institute's briefing paper discusses AI-enabled influence operations and their threat to the UK General Election."
    ]
  },
  {
    "question": "What topics did Rich Turner from CyberArk cover during his address at the London event?",
    "answer": "He covered cybersecurity and technological advancements.",
    "keypoints": [
      "Rich Turner from CyberArk addresses a large audience at an event in London, discussing cybersecurity and technological advancements."
    ]
  }
]