[
  {
    "question": "What is ChatGPT and which organization developed it?",
    "answer": "ChatGPT is a large language model developed by OpenAI that generates human-like text in response to prompts and can be fine-tuned for applications like conversation and translation.",
    "keypoints": [
      "ChatGPT is a large language model developed by OpenAI, designed to generate human-like text in response to given prompts and can be fine-tuned for various applications including conversation, translation, and more."
    ]
  },
  {
    "question": "How does ChatGPT define quantum mechanics?",
    "answer": "ChatGPT defines quantum mechanics as a branch of physics that explains the behavior of matter and energy at atomic and subatomic levels.",
    "keypoints": [
      "A person types on a keyboard while using ChatGPT to define quantum mechanics, which is described as a branch of physics that explains the behavior of matter and energy at atomic and subatomic levels."
    ]
  }
]