[
  {
    "question": "What was Bristol Myers Squibb's exact stock price and percentage increase following U.S. FDA approval of its schizophrenia treatment?",
    "answer": "Bristol Myers Squibb's stock price was $50.91 with a 1.58% increase after U.S. FDA approval of its schizophrenia treatment.",
    "keypoints": {
      "video": [
        "Bristol-Myers Squibb's stock price is $50.91, indicating an increase of 1.58%."
      ],
      "text": [
        "Bristol Myers Squibb shares rose more than 1.5% after the U.S. FDA approved its schizophrenia treatment."
      ]
    }
  },
  {
    "question": "What was Costco's exact stock price and percentage decrease after reporting disappointing fourth-quarter revenue?",
    "answer": "Costco's stock price was $1.58 with a 1.75% decrease after the company reported disappointing fourth-quarter revenue.",
    "keypoints": {
      "video": [
        "Costco's stock price is $1.58, showing a decrease of 1.75%."
      ],
      "text": [
        "Costco shares fell after the wholesale company reported disappointing fourth-quarter revenue."
      ]
    }
  }
]