[
  {
    "question": "What did U.S. Commerce Department data reveal about inflation pressures last month?",
    "answer": "U.S. Commerce Department data indicated inflation pressures continued to subside last month.",
    "keypoints": [
      "U.S. Commerce Department data indicated inflation pressures continued to subside last month."
    ]
  },
  {
    "question": "Which small-cap stock index climbed to a one-week high?",
    "answer": "The Russell 2000 Index, tracking small-cap stocks, climbed to a one-week high.",
    "keypoints": [
      "The Russell 2000 Index, tracking small-cap stocks, climbed to a one-week high."
    ]
  },
  {
    "question": "Why did Jason Brown of Alexis Investment Partners express caution about small-cap stocks?",
    "answer": "Jason Brown expressed caution due to concerns about potential capital misallocation and a high percentage of unprofitable companies.",
    "keypoints": [
      "Jason Brown, President of Alexis Investment Partners, expressed caution about small-cap stocks due to concerns about potential capital misallocation and a high percentage of unprofitable companies."
    ]
  }
]
