[
  {
    "question": "What have Japanese politicians including the Prime Minister hinted at regarding monetary policy?",
    "answer": "Japanese politicians including the Prime Minister have hinted at the need for near-term policy normalization.",
    "keypoints": [
      "Japanese politicians, including the Prime Minister, hinted at the need for near-term policy normalization."
    ]
  },
  {
    "question": "How much did the yen rebound per dollar from three-decade lows at the start of the month?",
    "answer": "The yen rebounded by 10 yen per dollar from three-decade lows at the start of the month.",
    "keypoints": [
      "The yen rebounded by 10 yen per dollar from three-decade lows at the start of the month."
    ]
  },
  {
    "question": "What probability do markets assign to the Bank of England cutting interest rates for the first time since March 2020?",
    "answer": "Markets see a near 50% chance the Bank of England will cut rates for the first time since March 2020.",
    "keypoints": [
      "Markets see a near 50% chance the Bank of England will cut rates for the first time since March 2020."
    ]
  }
]
