[
  {
    "question": "How do Arctic copepods and Atlantic copepods differ in physical characteristics and lipid storage, and what impact does this have on polar cod?",
    "answer": "Arctic copepods are larger and darker in color, storing lipids as an energy source, while Atlantic copepods are smaller and lighter with reduced fat storage. This forces polar cod to expend more energy hunting due to lower nutritional value.",
    "keypoints": {
      "video": [
        "Arctic copepods convert algae into lipids, storing them as an energy source for higher predators.",
        "The Arctic copepod and Atlantic copepod are distinct species, with the Arctic copepod being larger and darker in color compared to the smaller and lighter Atlantic copepod."
      ],
      "text": [
        "Atlantic varieties of copepods store less fat than native copepods, providing less nutrition.",
        "Reduced nutrition from Atlantic copepods may force polar cod to expend more energy hunting."
      ]
    }
  }
]