[
  {
    "question": "What are the distinct ecological fish zones in the Barents Sea?",
    "answer": "The Barents Sea has distinct zones for Arctic, Central, and Atlantic fish.",
    "keypoints": [
      "The Barents Sea has distinct zones for Arctic, Central, and Atlantic fish, reflecting ecological boundaries."
    ]
  },
  {
    "question": "How do Arctic copepods differ from Atlantic copepods in appearance?",
    "answer": "Arctic copepods are larger and darker in color, while Atlantic copepods are smaller and lighter in color.",
    "keypoints": [
      "The Arctic copepod and Atlantic copepod are distinct species, with the Arctic copepod being larger and darker in color compared to the smaller and lighter Atlantic copepod."
    ]
  }
]