[
  {
    "question": "What visible characteristics define the weekly demonstrations pressuring Benjamin Netanyahu's government regarding hostage negotiations, and in which Israeli cities do they occur?",
    "answer": "The demonstrations feature large crowds gathering at night while holding Israeli flags and signs, and they occur weekly in Tel Aviv and Jerusalem.",
    "keypoints": {
      "video": [
        "A large crowd gathers at night, holding Israeli flags and signs, indicating a public gathering or rally."
      ],
      "text": [
        "Netanyahu faces domestic pressure from weekly demonstrations in Tel Aviv and Jerusalem demanding a deal to free hostages taken on October 7th."
      ]
    }
  },
  {
    "question": "How does the destruction visible in Khan Younis, Gaza, reflect the reported human cost of the conflict?",
    "answer": "The scene of people walking through rubble of destroyed buildings in Khan Younis illustrates the physical devastation, which aligns with the Health Ministry's report of over 33,100 Palestinian deaths in Israel's military response.",
    "keypoints": {
      "video": [
        "People walk through the rubble of destroyed buildings in Khan Younis, Gaza, highlighting the aftermath of destruction."
      ],
      "text": [
        "The Health Ministry in Gaza reported over 33,100 Palestinian deaths in Israel's military response."
      ]
    }
  },
  {
    "question": "What specific protest action occurred in Istanbul regarding the Gaza conflict, and how does this contrast with Western governments' stated position?",
    "answer": "Protesters in Istanbul, Turkey, burned Israeli and American flags during a demonstration, while Western countries separately expressed outrage over Palestinian civilian deaths and the humanitarian crisis in Gaza.",
    "keypoints": {
      "video": [
        "Protesters in Istanbul, Turkey, burn Israeli and American flags during a demonstration, showing acts of protest."
      ],
      "text": [
        "Western countries expressed outrage over the high Palestinian civilian death toll and humanitarian crisis in Gaza resulting from Israel's campaign against Hamas."
      ]
    }
  }
]