[
  {
    "question": "Why did the Hamas official state there were no new developments in the Cairo ceasefire talks?",
    "answer": "The Hamas official stated that Israel's position remained unchanged, resulting in no new developments in the Cairo talks.",
    "keypoints": [
      "The Hamas official stated that Israel's position remained unchanged, resulting in nothing new developments in the Cairo talks."
    ]
  },
  {
    "question": "When will the Hamas and Qatar delegations return to finalize the ceasefire agreement terms according to Al Qahera News?",
    "answer": "Al Qahera News stated the Hamas and Qatar delegations would return within two days to finalize the agreement terms.",
    "keypoints": [
      "Al Qahera News stated the Hamas and Qatar delegations would return within two days to finalize the agreement terms."
    ]
  },
  {
    "question": "What three demands did Hamas repeat for a ceasefire agreement?",
    "answer": "Hamas repeated its demands for a permanent ceasefire, full Israeli withdrawal from Gaza, and the return of displaced people.",
    "keypoints": [
      "Hamas repeated its demands for a permanent ceasefire, full Israeli withdrawal from Gaza, and the return of displaced people."
    ]
  },
  {
    "question": "How did Israeli Prime Minister Benjamin Netanyahu respond to Hamas's demands amid international pressure?",
    "answer": "Israeli Prime Minister Benjamin Netanyahu declared that Israel would not yield to Hamas's demands despite increasing international pressure.",
    "keypoints": [
      "Netanyahu declared Israel would not yield to Hamas's extreme demands despite increasing international pressure."
    ]
  }
]
