[
  {
    "question": "What condition were buildings observed to be in Khan Younis, Gaza?",
    "answer": "Buildings in Khan Younis, Gaza, were destroyed, with people walking through the resulting rubble.",
    "keypoints": [
      "People walk through the rubble of destroyed buildings in Khan Younis, Gaza, highlighting the aftermath of destruction."
    ]
  },
  {
    "question": "What specific action did protesters take during a demonstration in Istanbul, Turkey?",
    "answer": "Protesters in Istanbul, Turkey, burned Israeli and American flags during the demonstration.",
    "keypoints": [
      "Protesters in Istanbul, Turkey, burn Israeli and American flags during a demonstration, showing acts of protest."
    ]
  }
]