[
  {
    "question": "Following Sandor Schwarz's watermill renovation in Pápa, what broader community impact occurred?",
    "answer": "The renovation initiated a sustainability movement where others followed similar projects, and inspired Mayor Béla Vingler's plan to repurpose 25 disused water mills for tourism.",
    "keypoints": {
      "video": [
        "The renovation of the watermill by Sandor Schwarz started a process that others have followed, which they hope will continue."
      ],
      "text": [
        "Mayor Béla Vingler plans to develop tourism by repurposing 25 disused water mills as attractions and accommodations."
      ]
    }
  },
  {
    "question": "How does the kindergarten's solar installation in Pápa compare to residential systems like Sandor Ilko's in terms of scale and purpose?",
    "answer": "The kindergarten's solar panels fully power the facility, while residential systems like Sandor Ilko's cover both household and business needs, reflecting Pápa's community-wide sustainability transformation.",
    "keypoints": {
      "video": [
        "Sandor Ilko's 10-kilowatt solar system covers his whole work process and all the needs of his house."
      ],
      "text": [
        "Solar panels installed on a kindergarten roof generate all necessary electricity for the facility.",
        "Pápa has transformed most of the village into sustainable structures."
      ]
    }
  }
]