[
  {
    "question": "What types of eco-friendly installations are featured in the Hungarian village of Pápa?",
    "answer": "Pápa features solar panels and water mills as eco-friendly installations.",
    "keypoints": [
      "The Hungarian village of Pápa features numerous eco-friendly installations, including solar panels and water mills."
    ]
  },
  {
    "question": "How much electricity do the solar panels on the kindergarten roof generate for the facility in Pápa?",
    "answer": "The solar panels installed on the kindergarten roof generate all necessary electricity for the facility.",
    "keypoints": [
      "Solar panels installed on a kindergarten roof generate all necessary electricity for the facility."
    ]
  },
  {
    "question": "What specific modernization efforts did Mayor Béla Vingler initiate to save energy costs in Pápa?",
    "answer": "Mayor Béla Vingler focused on upgrading insulation, heating systems, and installing solar panels.",
    "keypoints": [
      "Mayor Béla Vingler initiated modernization efforts to save money on energy, focusing on upgrading insulation, heating systems, and installing solar panels."
    ]
  },
  {
    "question": "What portion of Pápa has been transformed into sustainable structures?",
    "answer": "Most of the village of Pápa has been transformed into sustainable structures.",
    "keypoints": [
      "Pápa has transformed most of the village into sustainable structures."
    ]
  },
  {
    "question": "When do Pápa's solar panels provide the greatest benefit to the village?",
    "answer": "The village benefits from its solar panels during periods of high energy prices.",
    "keypoints": [
      "The village benefits from its solar panels during periods of high energy prices."
    ]
  }
]
