[
  {
    "question": "How did Sandor Schwarz renovate the watermill and what is his perspective after completing it?",
    "answer": "He renovated it with great effort and believes there is no going back once one gets accustomed to the results.",
    "keypoints": [
      "Sandor Schwarz renovated the watermill with great effort and believes there is no going back once one gets the feel of it."
    ]
  },
  {
    "question": "What broader impact did Sandor Schwarz's watermill renovation have?",
    "answer": "It initiated a process that others have followed, with hopes for its continuation.",
    "keypoints": [
      "The renovation of the watermill by Sandor Schwarz started a process that others have followed, which they hope will continue."
    ]
  }
]