[
  {
    "question": "What consumer behavior is shown outside the Lao Gold store in the video, and how does this relate to the brand's market position and nickname?",
    "answer": "The video shows long queues of consumers and a busy street scene outside the Lao Gold store, which aligns with the brand being a major outlier in China's luxury goods market and being dubbed the 'Hermès of gold' by consumers.",
    "keypoints": {
      "video": [
        "The video captures a busy street scene outside a jewelry store named \"LAOFU GOLD,\" with people walking by.",
        "A group of people is shown queuing outside a jewelry store."
      ],
      "text": [
        "Lao Gold is considered a major outlier in China's luxury goods market.",
        "Consumers have dubbed Lao Gold the \"Hermès of gold\"."
      ]
    }
  }
]