[
  {
    "question": "What do Walmart's results indicate about consumer spending resilience, and what category of merchandise was shown being arranged by employees?",
    "answer": "The results suggest consumer spending remains resilient despite years of above-average inflation. Employees were arranging televisions and other electronic devices.",
    "keypoints": {
      "video": [
        "Employees arrange merchandise on shelves, including televisions and other electronic devices."
      ],
      "text": [
        "Walmart's results suggest consumer spending remains resilient despite several years of above-average inflation."
      ]
    }
  }
]