[
  {
    "question": "How many times has Walmart raised its annual sales and profit forecasts this year as of Thursday?",
    "answer": "Walmart raised its annual sales and profit forecasts for the second time this year as of Thursday.",
    "keypoints": [
      "Walmart raised its annual sales and profit forecasts for a second time this year on Thursday."
    ]
  },
  {
    "question": "Why are Americans shopping more at Walmart?",
    "answer": "Americans are shopping more at Walmart due to worries about inflation.",
    "keypoints": [
      "Americans are shopping more at Walmart due to worries about inflation."
    ]
  }
]
