[
  {
    "question": "What is the purpose of wiring coffee plants with solar-powered sensors at Ule Coffee Farm in Tanzania?",
    "answer": "To detect climate change effects by monitoring the plants' 'voices'.",
    "keypoints": [
      "Researchers are wiring coffee plants with solar-powered sensors at Ule Coffee Farm in Tanzania to detect climate change effects by monitoring the plants' 'voices.'"
    ]
  },
  {
    "question": "How many Arabica coffee plants are connected using Cisco's Internet of Things technology for health monitoring?",
    "answer": "Twenty Arabica coffee plants are connected to electrodes using Cisco's Internet of Things technology to provide continuous health and hydration updates.",
    "keypoints": [
      "Twenty Arabica coffee plants are connected to electrodes using Cisco's Internet of Things technology to provide continuous health and hydration updates."
    ]
  },
  {
    "question": "Which organizations are running the sensor project at Ule Coffee Farm?",
    "answer": "The Italian espresso Research Center Academia Del Cafe Espresso and think tank Panat are running the sensor project.",
    "keypoints": [
      "The Italian espresso Research Center Academia Del Cafe Espresso and think tank Panat are running the sensor project."
    ]
  },
  {
    "question": "What is the aim of the plant-monitoring technology according to CEO Camila Pandoli?",
    "answer": "The technology aims to decode plants' electrical activities to improve water management and agricultural practices.",
    "keypoints": [
      "CEO Camila Pandoli states the technology aims to decode plants' electrical activities to improve water management and agricultural practices."
    ]
  },
  {
    "question": "What system is being developed using machine learning algorithms for the coffee plantation?",
    "answer": "An AI system that automatically alerts when intervention is needed on the plantation is being developed using machine learning algorithms.",
    "keypoints": [
      "Machine learning algorithms are being trained to develop an AI system that will automatically alert when intervention is needed on the plantation."
    ]
  }
]
