[
  {
    "question": "What were the rescue personnel in red uniforms actively engaged in at the rural bus accident site, and what auditory evidence indicated victims required immediate assistance?",
    "answer": "Rescue personnel in red uniforms were actively involved in recovery efforts at the bus accident site in a rural area, and calls for help from colleagues indicated that victims required immediate assistance.",
    "keypoints": {
      "video": [
        "A bus has overturned on its side in a rural area, with rescue workers and bystanders gathered around the scene.",
        "Rescue personnel in red uniforms are actively involved in the recovery efforts at the site of the bus accident."
      ],
      "text": [
        "The narrator's colleagues were calling out for assistance."
      ]
    }
  }
]