[
  {
    "question": "What was the consequence of the oxygen/fuel leak in the rocket's engine cavity according to Elon Musk?",
    "answer": "The leak was large enough to build pressure exceeding the vent capacity.",
    "keypoints": [
      "Elon Musk tweets about an oxygen/fuel leak in the cavity above the ship engine firewall that was large enough to build pressure in excess of the vent capacity."
    ]
  },
  {
    "question": "What three corrective actions did Elon Musk announce to address the rocket's technical issues?",
    "answer": "The announced actions are double-checking for leaks, adding fire suppression, and possibly increasing the vent area.",
    "keypoints": [
      "The tweet indicates that apart from double-checking for leaks, they will add fire suppression and possibly increase the vent area, with no suggestion of pushing the next launch past the following month."
    ]
  }
]