[
  {
    "question": "What incident caused Nolan Arbaugh's paralysis requiring wheelchair use during the Neuralink demonstration where he played chess via brain implant, and who was physically present with him?",
    "answer": "A diving accident eight years ago caused Nolan Arbaugh's paralysis from the shoulders down, requiring wheelchair use, and he was seated with another man during the demonstration.",
    "keypoints": {
      "video": [
        "Two men are seated together, one of whom appears to be controlling the chess game with a device attached to his head."
      ],
      "text": [
        "Arbaugh was paralyzed from the shoulders down after a diving accident eight years ago."
      ]
    }
  }
]