[
  {
    "question": "Who is the first person to use Neuralink's brain implant device?",
    "answer": "Nolan Arbaugh is the first person to use Neuralink's brain implant device.",
    "keypoints": [
      "Nolan Arbaugh is the first person to use Neuralink's brain implant device."
    ]
  },
  {
    "question": "What did Neuralink demonstrate during its live-streamed event featuring Nolan Arbaugh?",
    "answer": "Neuralink live-streamed Nolan Arbaugh playing chess by controlling a computer cursor using the brain implant.",
    "keypoints": [
      "Neuralink live-streamed an event on Wednesday featuring Arbaugh playing chess using the implant to control a computer cursor."
    ]
  },
  {
    "question": "How did Nolan Arbaugh interact with computers before receiving the Neuralink implant?",
    "answer": "Prior to the implant, Nolan Arbaugh used a mouth stick for computer interaction.",
    "keypoints": [
      "Prior to the implant, Arbaugh used a mouth stick for computer interaction, but he now uses the brain implant exclusively."
    ]
  }
]
