[
  {
    "question": "What technology enables the man in the wheelchair to play chess on the laptop?",
    "answer": "A Neuralink brain-computer interface.",
    "keypoints": [
      "A man in a wheelchair is playing chess on a laptop using a brain-computer interface, as indicated by the Neuralink logo and technology shown."
    ]
  },
  {
    "question": "What was the main topic of Elon Musk's address to the audience?",
    "answer": "Advancements in Neuralink technology.",
    "keypoints": [
      "Musk stands on stage against a blue curtain backdrop, addressing an audience about the advancements in Neuralink technology."
    ]
  }
]