[
  {
    "question": "Why did President Joe Biden pardon his son Hunter Biden on December 1, 2024?",
    "answer": "President Joe Biden cited concerns about selective prosecution and political pressure as reasons for the pardon.",
    "keypoints": [
      "President Joe Biden issued a statement on December 1, 2024, regarding his decision to pardon his son Hunter, addressing issues of selective prosecution and political pressure."
    ]
  },
  {
    "question": "How did Donald J. Trump characterize President Joe Biden's pardon of Hunter Biden?",
    "answer": "Donald J. Trump labeled the pardon as an abuse of power and a miscarriage of justice.",
    "keypoints": [
      "A tweet from Donald J. Trump questions whether the pardon given by Joe Biden to Hunter includes the J-6 Hostages, labeling it an abuse and miscarriage of justice."
    ]
  }
]