[
  {
    "question": "What action has Israel's military taken regarding reservists due to potential fighting?",
    "answer": "Israel's military has called up reservists in preparation for a possible resumption of fighting in Gaza.",
    "keypoints": [
      "Israel's military has called up reservists in preparation for a possible resumption of fighting in Gaza."
    ]
  },
  {
    "question": "Under what condition did Israeli Prime Minister Benjamin Netanyahu say the ceasefire deal would end?",
    "answer": "The ceasefire deal will end if Hamas fails to return more hostages by Saturday.",
    "keypoints": [
      "Israeli Prime Minister Benjamin Netanyahu stated the ceasefire deal will end if Hamas fails to return more hostages by Saturday."
    ]
  }
]
