[
  {
    "question": "What were the nature, purpose, and coordination context of Israel's military strikes on Iran, and what leisure activity was observed in Tel Aviv?",
    "answer": "Israel's military conducted targeted and precise strikes using scores of jets in three waves before dawn against missile factories and other sites as retaliation for Iran's earlier attack, coordinated from a setting with military personnel at computer monitors; concurrently, individuals were observed playing volleyball on a sandy beach in Tel Aviv.",
    "keypoints": {
      "video": [
        "Three men, including two in military uniforms, are seated at a desk with multiple computer monitors, engaged in conversation.",
        "Individuals play volleyball on a sandy beach with palm trees and beach huts in the background."
      ],
      "text": [
        "Israel's military stated it conducted targeted and precise strikes using scores of jets in three waves before dawn against missile factories and other sites.",
        "Israel described the strikes as retaliation for Iran's attack earlier in the month and warned Iran not to retaliate."
      ]
    }
  }
]