[
  {
    "question": "What type of facilities in Iran did Israel avoid targeting during its strikes on Saturday?",
    "answer": "Israel did not target sensitive Iranian oil or nuclear facilities during its strikes on military sites.",
    "keypoints": [
      "Israel struck military sites in Iran early on Saturday but did not target sensitive Iranian oil or nuclear facilities."
    ]
  },
  {
    "question": "How many ballistic missiles did Iran launch at Israel on October 1st, and what was the casualty?",
    "answer": "Iran launched approximately 200 ballistic missiles at Israel on October 1st, killing one person in the Israeli-occupied West Bank.",
    "keypoints": [
      "Iran launched approximately 200 ballistic missiles at Israel on October 1st, killing one person in the Israeli-occupied West Bank."
    ]
  }
]
