[
  {
    "question": "What mission were personnel preparing for inside the military aircraft, and what notable interaction occurred during the flight on June 8?",
    "answer": "They were preparing for a hostage rescue mission, during which an Israeli pilot had a conversation with a freed hostage on June 8, coinciding with the pilot's birthday.",
    "keypoints": {
      "video": [
        "Inside a military aircraft, personnel prepare for a mission, checking equipment and securing gear."
      ],
      "text": [
        "An Israeli pilot involved in the hostage rescue operation described a conversation with a freed hostage during the flight on June 8, which was the pilot's birthday."
      ]
    }
  }
]