[
  {
    "question": "What did a top American diplomat state on Tuesday regarding the situation along the Israel-Lebanon border?",
    "answer": "A top American diplomat stated that the United States is trying to avert a greater war, describing the situation as serious and escalating.",
    "keypoints": [
      "A top American diplomat stated on Tuesday that the United States is trying to avert a greater war along the Israel-Lebanon border, describing the situation as serious and escalating."
    ]
  },
  {
    "question": "Why did U.S. Envoy Amos Hochstein arrive in Beirut?",
    "answer": "Amos Hochstein arrived in Beirut following an escalation in cross-border fire between Israeli forces and Hezbollah militants in Lebanon.",
    "keypoints": [
      "U.S. Envoy Amos Hochstein arrived in Beirut following an escalation in cross-border fire between Israeli forces and Hezbollah militants in Lebanon."
    ]
  },
  {
    "question": "When was U.S. Envoy Amos Hochstein dispatched to Lebanon relative to his trip?",
    "answer": "Hochstein was dispatched to Lebanon immediately after a brief trip to Israel due to the seriousness of the situation.",
    "keypoints": [
      "Hochstein was dispatched to Lebanon immediately after a brief trip to Israel due to the seriousness of the situation."
    ]
  },
  {
    "question": "What action has Iran-backed Hezbollah taken in parallel with the Gaza war since October 7?",
    "answer": "Iran-backed Hezbollah has been exchanging fire with Israel in parallel with the Gaza war that began on October 7.",
    "keypoints": [
      "Iran-backed Hezbollah has been exchanging fire with Israel in parallel with the Gaza war that began on October 7."
    ]
  },
  {
    "question": "What triggered Hezbollah's largest volley of rockets and drones in eight months last week?",
    "answer": "Hezbollah fired its largest volley after an Israeli strike killed a high-ranking militant commander.",
    "keypoints": [
      "Hezbollah fired its largest volley of rockets and drones in eight months last week after an Israeli strike killed a high-ranking militant commander."
    ]
  },
  {
    "question": "What agreement did Amos Hochstein help negotiate between Israel and Lebanon in 2022?",
    "answer": "Amos Hochstein helped negotiate the first-ever Israel-Lebanon maritime boundary accord in 2022.",
    "keypoints": [
      "Amos Hochstein helped negotiate the first-ever Israel-Lebanon maritime boundary accord in 2022."
    ]
  },
  {
    "question": "Under what condition will Hezbollah halt attacks on Israel?",
    "answer": "Hezbollah stated it will not halt attacks on Israel unless there is a ceasefire in the Gaza Strip.",
    "keypoints": [
      "Hezbollah stated it will not halt attacks on Israel unless there is a ceasefire in the Gaza Strip."
    ]
  }
]
