[
  {
    "question": "What precautionary advice did the U.S. Embassy issue to American citizens in Ukraine?",
    "answer": "The U.S. Embassy advised U.S. citizens in Ukraine to be ready to swiftly seek shelter.",
    "keypoints": [
      "The U.S. Embassy advised U.S. citizens in Ukraine to be ready to swiftly seek shelter."
    ]
  },
  {
    "question": "Which European countries' embassies in Ukraine closed alongside the U.S. Embassy?",
    "answer": "The Italian and Greek embassies in Ukraine also closed their doors.",
    "keypoints": [
      "The Italian and Greek embassies in Ukraine also closed their doors."
    ]
  },
  {
    "question": "What was the operational status of the French Embassy in Ukraine and what guidance did it provide?",
    "answer": "The French Embassy in Ukraine remained open but urged French citizens to be cautious.",
    "keypoints": [
      "The French Embassy in Ukraine remained open but urged French citizens to be cautious."
    ]
  }
]
