[
  {
    "question": "What world-first project is El Cosmico, a 21-acre hotel and campground in the West Texas desert, constructing?",
    "answer": "The world's first 3D printed hotel.",
    "keypoints": [
      "El Cosmico, a 21-acre hotel and campground in the West Texas desert, is constructing the world's first 3D printed hotel."
    ]
  },
  {
    "question": "How many additional acres and units will El Cosmico add through its expansion project using 3D printing?",
    "answer": "40 extra acres with 43 hotel units and 18 residential homes, all 3D printed.",
    "keypoints": [
      "The project involves expanding El Cosmico by 40 extra acres to include 43 hotel units and 18 residential homes, all 3D printed."
    ]
  }
]
