[
  {
    "question": "What company's automated construction machine is used to print large cylindrical structures in desert environments?",
    "answer": "ICON's automated construction machine prints large cylindrical structures in desert environments, with workers monitoring the process.",
    "keypoints": [
      "An automated construction machine labeled 'ICON' is seen printing large cylindrical structures in a desert environment, with workers monitoring the process."
    ]
  },
  {
    "question": "What is Liz Lambert's profession?",
    "answer": "Liz Lambert is a hotelier.",
    "keypoints": [
      "Liz Lambert, identified as a hotelier, speaks to the camera in an outdoor setting."
    ]
  }
]