[
  {
    "question": "What atmospheric phenomenon caused the excessive heat in the Southwest, and what environmental conditions were visible in affected landscapes?",
    "answer": "The excessive heat was attributed to a heat dome, a strong ridge of atmospheric high pressure. Visible environmental conditions included a lighthouse standing in dry, cracked terrain with a city skyline, and a blue boat resting on parched earth in an arid landscape.",
    "keypoints": {
      "video": [
        "A lighthouse stands in a dry, cracked area with a city skyline visible in the background.",
        "A blue boat rests on dry, cracked earth in a vast, arid landscape."
      ],
      "text": [
        "Forecasters attributed the excessive heat to a heat dome, a strong ridge of atmospheric high pressure parked over the region."
      ]
    }
  }
]