[
  {
    "question": "What specific type of coffee processing machine is shown being operated outdoors during harvest activities, and how many bags of undelivered coffee do traders Atlantica and Cafe Brass report being owed by farmers?",
    "answer": "A Pinhalense coffee processing machine is shown being operated outdoors. Traders Atlantica and Cafe Brass report farmers owe them approximately 900,000 bags of undelivered coffee.",
    "keypoints": {
      "video": [
        "A group of people operates a Pinhalense coffee processing machine outdoors."
      ],
      "text": [
        "Traders Atlantica and Cafe Brass report farmers owe them approximately 900,000 bags of undelivered coffee."
      ]
    }
  }
]