[
  {
    "question": "What milestone did Arabica Coffee Futures on the ICE exchange recently reach?",
    "answer": "Arabica Coffee Futures on the ICE exchange reached their highest price level in nearly half a century.",
    "keypoints": [
      "Arabica Coffee Futures on the ICE exchange have reached their highest price level in nearly half a century."
    ]
  },
  {
    "question": "Why have coffee prices surged recently?",
    "answer": "Coffee prices surged due to fears that the upcoming coffee crop in top producer Brazil has been damaged by drought.",
    "keypoints": [
      "The price surge stems from fears that the upcoming coffee crop in top producer Brazil has been damaged by drought."
    ]
  }
]
