[
  {
    "question": "What protective equipment is worn when harvesting coffee cherries?",
    "answer": "A mask and gloves are worn during the harvesting of coffee cherries.",
    "keypoints": [
      "A person wearing a mask and gloves picks ripe coffee cherries from a tree branch."
    ]
  },
  {
    "question": "In what type of field does coffee cherry harvesting typically occur?",
    "answer": "Coffee cherry harvesting occurs in lush green fields.",
    "keypoints": [
      "Several individuals are harvesting coffee cherries in a lush green field, with some bending down to collect the fruit."
    ]
  }
]