[
  {
    "question": "What did Robert F. Kennedy Jr. suggest he would do to the Food and Drug Administration?",
    "answer": "He suggested he would gut the Food and Drug Administration.",
    "keypoints": [
      "Robert F. Kennedy Jr. suggested he would gut the Food and Drug Administration, which has 18,000 employees and ensures the safety of food, drugs, and medical devices."
    ]
  },
  {
    "question": "What change did Robert F. Kennedy Jr. propose for the National Institutes of Health?",
    "answer": "He proposed replacing hundreds of employees at the National Institutes of Health.",
    "keypoints": [
      "Robert F. Kennedy Jr. proposed replacing hundreds of employees at the National Institutes of Health."
    ]
  },
  {
    "question": "What specific false medical claim has Robert F. Kennedy Jr. been criticized for?",
    "answer": "He has been criticized for claiming that vaccines are linked to autism.",
    "keypoints": [
      "Robert F. Kennedy Jr. has been criticized for making false medical claims, including that vaccines are linked to autism."
    ]
  }
]
