[
  {
    "question": "When did Mr. Kennedy speak at a congressional hearing?",
    "answer": "Mr. Kennedy spoke at a congressional hearing on July 20, 2023.",
    "keypoints": [
      "Mr. Kennedy speaks at a podium during a congressional hearing on July 20, 2023."
    ]
  },
  {
    "question": "How does the pamphlet 'MEASLES What Parents Need to Know' characterize measles?",
    "answer": "The pamphlet 'MEASLES What Parents Need to Know' characterizes measles as a self-limiting childhood viral infection.",
    "keypoints": [
      "A pamphlet titled 'MEASLES What Parents Need to Know' explains that measles is a self-limiting childhood viral infection."
    ]
  }
]