[
  {
    "question": "What procedural challenges are anticipated in enforcing Ukraine's ban on the Russian Orthodox Church, and what architectural example of religious infrastructure is shown?",
    "answer": "The shutdown process, termed \"cleansing\" by a Ukrainian lawmaker, is expected to involve lengthy court battles. A green wooden church with a porch and stairs is shown situated on a grassy hill under a cloudy sky.",
    "keypoints": {
      "video": [
        "A green wooden church with a porch and stairs is situated on a grassy hill under a cloudy sky."
      ],
      "text": [
        "The process of shutting down UOC operations in Ukraine, termed \"cleansing\" by one Ukrainian lawmaker, is expected to be lengthy and involve court battles."
      ]
    }
  }
]