[
  {
    "question": "How does Lyft's in-vehicle advertising strategy, which includes tablets and digital screens, align with its reported 250% quarterly revenue growth when considering typical passenger interactions shown?",
    "answer": "Lyft's placement of advertisements on tablets inside vehicles directly capitalizes on captured passenger attention during rides, as seen in the video where passengers engage in conversation while traveling, contributing to the 250% advertising revenue growth reported for the quarter ending March.",
    "keypoints": {
      "video": [
        "Two women are seen inside a car, engaging in conversation while driving through a residential area."
      ],
      "text": [
        "Lyft, like Uber, displays advertisements within its app, on tablets inside vehicles, and on digital screens atop cars.",
        "Lyft launched its advertising business in 2022 and reported 250% growth in related revenue for the quarter ending March."
      ]
    }
  },
  {
    "question": "What operational advantages does Lyft gain from airport infrastructure like dedicated signage, and how does this support its eightfold advertising growth target by 2027?",
    "answer": "Dedicated Lyft signage at airport terminals ensures brand visibility in high-traffic locations, while partnerships with retail and hospitality advertisers leverage this exposure to support the projected eightfold growth in Lyft's advertising business by 2027.",
    "keypoints": {
      "video": [
        "A pink Lyft sign with an arrow points towards a crosswalk at an airport terminal."
      ],
      "text": [
        "Lyft expects its advertising business to grow eightfold between now and 2027.",
        "Major Lyft advertising clients included retail and hospitality businesses."
      ]
    }
  },
  {
    "question": "Following Lyft's 11% stock surge after its investor day, how does its Nasdaq listing visibility and core Gross Bookings definition reinforce market confidence in its 2027 targets?",
    "answer": "Lyft's visibility as a Nasdaq-listed company and its transparent definition of Gross Bookings—encompassing all rider payments except tips—provide market confidence in its 11% stock surge and long-term goal of 15% annual Gross Bookings growth through 2027.",
    "keypoints": {
      "video": [
        "Lyft is listed on the Nasdaq stock exchange, as indicated by a sign in the video."
      ],
      "text": [
        "Lyft stock surged up to 11% on Thursday morning following its first investor day.",
        "Lyft targets a 15% annual increase in Gross Bookings through 2027.",
        "Gross Bookings represent the total dollar value of transactions paid by ride-share riders, including taxes, tolls, and fees but excluding driver tips."
      ]
    }
  }
]