[
  {
    "question": "What annual growth target did Lyft set for Gross Bookings through 2027?",
    "answer": "Lyft targets a 15% annual increase in Gross Bookings through 2027.",
    "keypoints": [
      "Lyft targets a 15% annual increase in Gross Bookings through 2027."
    ]
  },
  {
    "question": "How much growth does Lyft project for its advertising business by 2027?",
    "answer": "Lyft expects its advertising business to grow eightfold between now and 2027.",
    "keypoints": [
      "Lyft expects its advertising business to grow eightfold between now and 2027."
    ]
  },
  {
    "question": "Where does Lyft display advertisements?",
    "answer": "Lyft displays advertisements within its app, on tablets inside vehicles, and on digital screens atop cars.",
    "keypoints": [
      "Lyft, like Uber, displays advertisements within its app, on tablets inside vehicles, and on digital screens atop cars."
    ]
  }
]
