[
  {
    "question": "On which stock exchange is Lyft listed?",
    "answer": "Lyft is listed on the Nasdaq stock exchange.",
    "keypoints": [
      "Lyft is listed on the Nasdaq stock exchange, as indicated by a sign in the video."
    ]
  },
  {
    "question": "What does a car displaying both Lyft and Uber stickers indicate about ride-sharing drivers?",
    "answer": "It indicates that drivers can work for multiple ride-sharing platforms simultaneously, such as both Lyft and Uber.",
    "keypoints": [
      "A car displays both Lyft and Uber stickers on its windshield."
    ]
  },
  {
    "question": "Where are Lyft signs typically located at airports?",
    "answer": "Lyft signs are positioned at airport terminals near crosswalks to guide passengers.",
    "keypoints": [
      "A pink Lyft sign with an arrow points towards a crosswalk at an airport terminal."
    ]
  }
]