[
  {
    "question": "Following Thailand's approval of the marriage equality law on Wednesday, culminating two decades of activist work, what event in Bangkok featured participants holding signs with messages like 'Happy Pride' and 'Bangkok Pride' while expressing specific emotions?",
    "answer": "The Bangkok Pride event featured participants holding signs supporting marriage equality and unity, including messages like 'Happy Pride' and 'Bangkok Pride'. Celebrants expressed relief and newfound feelings of security, with one stating they felt relieved more than anything as such rights should be inherent.",
    "keypoints": {
      "video": [
        "A group of people holds signs with messages supporting marriage equality and unity, gathered around a large rainbow flag.",
        "Two individuals are seen holding colorful flags and signs that read 'Happy Pride' and 'Bangkok Pride,' smiling at the camera."
      ],
      "text": [
        "Celebrants in Bangkok expressed relief and newfound feelings of security.",
        "A celebrant stated that they feel relieved more than anything, as such rights should be inherent."
      ]
    }
  }
]