[
  {
    "question": "What company name was displayed on the digital screen during the bell-ringing ceremony at Deutsche Börse?",
    "answer": "TUI was displayed on the digital screen during the bell-ringing ceremony at Deutsche Börse.",
    "keypoints": [
      "A man in a suit rings a bell at the Deutsche Börse, with a digital screen displaying \"TUI\" behind him."
    ]
  },
  {
    "question": "What is the mission statement displayed on the circular banner above Deutsche Börse's trading floor?",
    "answer": "The circular banner above the trading floor states: \"We at Deutsche Börse create trust in the markets of today and tomorrow.\"",
    "keypoints": [
      "A circular banner above the trading floor reads, \"We at Deutsche Börse create trust in the markets of today and tomorrow.\""
    ]
  }
]