[
  {
    "question": "Amid severe shortages of critical supplies reported by Muhammad al-Mughrabi, what international medical response organization was visible outside an emergency building in Gaza, and how has the fuel shortage affected rescue operation durations?",
    "answer": "The ambulance marked 'Rahma Rahmat Austria' was visible outside the emergency building. The fuel shortage has extended rescue operations from 2 hours to 4-6 hours due to inability to power machinery for breaking concrete and extracting victims.",
    "keypoints": {
      "video": [
        "Crowds gather around an ambulance marked 'Rahma Rahmat Austria' outside an emergency building, indicating a medical response effort."
      ],
      "text": [
        "Rescue operations requiring 2 hours now take 4 to 6 hours due to lack of fuel for machinery needed to break concrete and extract victims."
      ]
    }
  }
]