[
  {
    "question": "How many Palestinian civil defense staff have been killed by Israeli forces since the war began on October 7th?",
    "answer": "74.",
    "keypoints": [
      "The strike raised the total number of Palestinian civil defense staff killed by Israeli forces to 74 since the war began on October 7th."
    ]
  },
  {
    "question": "How long do rescue operations now take when they previously required 2 hours?",
    "answer": "4 to 6 hours.",
    "keypoints": [
      "Rescue operations requiring 2 hours now take 4 to 6 hours due to lack of fuel for machinery needed to break concrete and extract victims."
    ]
  }
]
