[
  {
    "question": "What operational efficiency measures are visible in JD.com's facilities through package handling, and how do these relate to the company's financial priorities?",
    "answer": "Packages with visible labels travel along conveyor belts in warehouse facilities, demonstrating logistical efficiency. These operations support JD.com's focus on expanding its logistics division to improve profitability after reporting a 3.4% net profit increase.",
    "keypoints": {
      "video": [
        "Packages travel along a conveyor belt in a dimly lit facility, with labels visible on the boxes."
      ],
      "text": [
        "JD.com's first-quarter net profit increased 3.4% to $1.23 billion.",
        "JD.com has expanded its logistics, electronics, and home appliance divisions."
      ]
    }
  }
]