[
  {
    "question": "What criteria must farms meet to be listed on the FairShare CSA Coalition website, and what upcoming advocacy action are organic farmers planning regarding agricultural policies?",
    "answer": "Farms must be certified organic or in transition, sell through CSA, and demonstrate high customer service levels to be listed on the FairShare CSA Coalition website. Organic farmers and organizations plan to meet with legislators on March 4th to advocate for more supportive policies.",
    "keypoints": {
      "video": [
        "The FairShare CSA Coalition website lists endorsed farms that are certified organic or in transition, sell through CSA, and demonstrate high customer service levels."
      ],
      "text": [
        "Organic farmers and organizations plan to meet with legislators on March 4th to advocate for more supportive policies."
      ]
    }
  }
]