[
  {
    "question": "What impact have the Trump Administration's government spending cuts had on American farmers?",
    "answer": "The spending cuts have created a financial crunch for many American farmers.",
    "keypoints": [
      "The Trump Administration's government spending cuts have created a financial crunch for many American farmers."
    ]
  },
  {
    "question": "What did Milo Petrella, policy director at the Ohio Ecological Food and Farm Association, state about funding uncertainty?",
    "answer": "He stated that uncertainty about program funding is devastating for farmers who rely on upfront money.",
    "keypoints": [
      "Milo Petrella, policy director at the Ohio Ecological Food and Farm Association, stated that uncertainty about program funding is devastating for farmers who rely on upfront money."
    ]
  },
  {
    "question": "How have Jeff Adams and peers at Theodora Farms in Illinois been affected by policy changes?",
    "answer": "They have been impacted by cancelled contracts.",
    "keypoints": [
      "Jeff Adams, production manager at Theodora Farms in Illinois, reported that his farm and peers have been impacted by cancelled contracts."
    ]
  }
]
