[
  {
    "question": "Amidst service sector activities such as outdoor cafes in Rome, what is the current inflation rate in the euro area, and what concern do policy hawks at the European Central Bank have about services prices?",
    "answer": "The inflation rate in the euro area slowed to 1.7% last month, its lowest level in three years. Policy hawks at the European Central Bank are concerned that services prices are rising quickly, which could contribute to domestic inflation being relatively high for some time.",
    "keypoints": {
      "video": [
        "A waiter serves coffee to customers at an outdoor café near the Pantheon in Rome.",
        "People dine and socialize at tables under umbrellas in front of the Pantheon."
      ],
      "text": [
        "This economic weakness has put downward pressure on inflation, which slowed to 1.7% last month, its lowest level in three years.",
        "Hawks argue that the labor market remains tight, energy costs are volatile, and services prices are rising quickly.",
        "Hawks believe that domestic inflation could be relatively high for some time."
      ]
    }
  }
]