[
  {
    "question": "How long has it been since the European Central Bank last implemented consecutive interest rate cuts?",
    "answer": "This rate cut marks the European Central Bank's first back-to-back cut in 13 years.",
    "keypoints": [
      "This rate cut marks the European Central Bank's first back-to-back cut in 13 years."
    ]
  },
  {
    "question": "What factor did Christine Lagarde identify as affecting the inflation outlook?",
    "answer": "Christine Lagarde noted that the inflation outlook is affected by recent downside surprises in indicators of economic activity.",
    "keypoints": [
      "Lagarde noted that the inflation outlook is affected by recent downside surprises in indicators of economic activity."
    ]
  },
  {
    "question": "Why did the European Central Bank acknowledge cutting interest rates?",
    "answer": "The rate cut move acknowledges that inflation could settle around the European Central Bank's 2% target faster than previously thought.",
    "keypoints": [
      "The rate cut move acknowledges that inflation could settle around the European Central Bank's 2% target faster than previously thought."
    ]
  }
]
