[
  {
    "question": "Where and when did the ECB Governing Council Meeting take place in 2024?",
    "answer": "The ECB Governing Council Meeting in 2024 took place in Ljubljana.",
    "keypoints": [
      "A panel discussion takes place at the ECB Governing Council Meeting in Ljubljana 2024, featuring speakers at podiums."
    ]
  },
  {
    "question": "What denomination of euro banknotes are produced using high-speed printing machines?",
    "answer": "Fifty-euro banknotes are printed and processed on high-speed printing machines.",
    "keypoints": [
      "Fifty-euro banknotes are printed and processed on a high-speed printing machine."
    ]
  }
]