[
  {
    "question": "What visual evidence of disrepair at Aurora apartment complexes supported the city's enforcement action against the landlord, and what specific issues were addressed?",
    "answer": "Boarded-up windows indicated disrepair or vacancy. The city enforced action to address repairs, trash, pest infestations, and other complaints at several complexes.",
    "keypoints": {
      "video": [
        "Windows on the side of a building are boarded up with plywood, indicating possible disrepair or vacancy."
      ],
      "text": [
        "The dispute over gang activity in Aurora stems from the city's effort to force a landlord to address repairs, trash, pest infestations, and other complaints at several apartment complexes."
      ]
    }
  }
]