[
  {
    "question": "What was Palantir Technologies Inc.'s stock price and percentage decrease on Monday, and what distinction did it hold in the technology sector that day?",
    "answer": "The stock price was $90.68 with a 10.53% decrease. Palantir was the technology sector's biggest percentage decliner on Monday.",
    "keypoints": {
      "video": [
        "Palantir Technologies' stock price is indicated as $90.68 with a 10.53% decrease, with two individuals holding blue umbrellas in front of the Palantir logo."
      ],
      "text": [
        "Palantir Technologies Inc. was the technology sector's biggest percentage decliner on Monday."
      ]
    }
  },
  {
    "question": "What was Nike Inc.'s stock price and percentage increase on Monday, and what event prompted this climb?",
    "answer": "The stock price was $80.28 with a 4.94% increase. The climb was prompted by Jefferies Financial Group Inc. upgrading the stock rating to 'buy' from 'hold'.",
    "keypoints": {
      "video": [
        "A Nike shoe display features various models with a digital screen indicating Nike's stock price at $80.28 with a 4.94% increase."
      ],
      "text": [
        "Shares of Nike Inc. climbed 5% after Jefferies Financial Group Inc. upgraded the stock rating to 'buy' from 'hold'."
      ]
    }
  }
]