[
  {
    "question": "What were the Dow Industrials, S&P 500, and NASDAQ levels and percentage changes in the U.S. Markets summary?",
    "answer": "The Dow Industrials was at 43,461 with a +0.08% increase, the S&P 500 was at 5,983 with a -0.50% decrease, and the NASDAQ was at 19,287 with a -1.21% decrease.",
    "keypoints": [
      "The U.S. Markets summary shows the Dow Industrials at 43,461 with a +0.08% increase, while the S&P 500 is at 5,983 with a -0.50% decrease, and the NASDAQ is at 19,287 with a -1.21% decrease."
    ]
  },
  {
    "question": "What was Nike's stock price and percentage change?",
    "answer": "Nike's stock price was $80.28 with a 4.94% increase.",
    "keypoints": [
      "A Nike shoe display features various models with a digital screen indicating Nike's stock price at $80.28 with a 4.94% increase."
    ]
  }
]