[
  {
    "question": "How does the self-portrait of Edvard Munch holding a hat challenge the 'misery guts' perception associated with The Scream emoji?",
    "answer": "The self-portrait counters the 'misery guts' perception by demonstrating Munch's capacity for warmth and affection through his artistic self-representation.",
    "keypoints": {
      "video": [
        "A self-portrait of Edvard Munch, holding a hat, is displayed in the exhibition."
      ],
      "text": [
        "The Scream emoji contributes to a perception of Munch as a 'misery guts'.",
        "Munch was capable of warmth and affection."
      ]
    }
  }
]