[
  {
    "question": "Where is the new exhibition of Edvard Munch's portraits located?",
    "answer": "The new exhibition of Edvard Munch's portraits is located in London.",
    "keypoints": [
      "Portraits by 'The Scream' artist Edvard Munch are on display in a new exhibition in London, as indicated by the text overlay."
    ]
  },
  {
    "question": "Where is Edvard Munch's painting 'The Scream' permanently housed?",
    "answer": "Edvard Munch's painting 'The Scream' is permanently housed in Oslo, Norway.",
    "keypoints": [
      "The painting titled 'The Scream' is shown in Oslo, Norway, with viewers observing it closely."
    ]
  }
]