[
  {
    "question": "Following the election of Democrat Sarah McBride as the U.S. House’s first openly transgender member, what legislation did Republican Representative Nancy Mace propose, and what two visual indicators reflect the bill's context and McBride's political presence?",
    "answer": "Following Sarah McBride's election, Republican Representative Nancy Mace proposed legislation to restrict bathroom usage based on biological sex. Visual indicators include a restroom sign near room HVC123 with accessibility symbols and Sarah McBride's campaign posters displayed on a wall, signaling both the bill's focus and McBride's historic political presence.",
    "keypoints": {
      "video": [
        "A restroom sign indicates facilities for women and includes accessibility symbols, located near room HVC123.",
        "Sarah McBride's campaign posters are visible on a wall, suggesting a political event or rally setting."
      ],
      "text": [
        "Republican Representative Nancy Mace introduced a bill to prohibit U.S. House members and employees from using bathrooms that do not correspond to their biological sex.",
        "The bill follows the election of Democrat Sarah McBride, the U.S. House’s first openly transgender member."
      ]
    }
  }
]