[
  {
    "question": "What significant event preceded the introduction of Republican Representative Nancy Mace's bathroom bill?",
    "answer": "The bill follows the election of Democrat Sarah McBride, the U.S. House’s first openly transgender member.",
    "keypoints": [
      "The bill follows the election of Democrat Sarah McBride, the U.S. House’s first openly transgender member."
    ]
  },
  {
    "question": "What was U.S. House Speaker Mike Johnson's public response to Republican Representative Nancy Mace's bathroom bill?",
    "answer": "U.S. House Speaker Mike Johnson declined to address the bill directly, calling it a 'silly debate' during a press conference.",
    "keypoints": [
      "U.S. House Speaker Mike Johnson declined to address the bill directly, calling it a 'silly debate' during a press conference."
    ]
  }
]
