[
  {
    "question": "What were the exact closing values and percentage declines for the Dow Jones Industrial Average, S&P 500, and NASDAQ Composite on Monday, and what record did the NASDAQ's decline set?",
    "answer": "The Dow Jones Industrial Average closed at 41,911.71 points (down 2.08%), the S&P 500 closed at 5,615 points (down 2.70%), and the NASDAQ Composite closed at 17,468 points (down 4.00%). The NASDAQ's 4% drop marked its largest daily percentage decline in two and a half years.",
    "keypoints": {
      "video": [
        "The Dow Jones Industrial Average has decreased by 2.08%, closing at 41,911.71 points.",
        "The S&P 500 index has declined by 2.70%, with a closing value of 5,615 points.",
        "The NASDAQ Composite Index has fallen by 4.00%, ending the day at 17,468 points."
      ],
      "text": [
        "The NASDAQ Composite index fell 4% on Monday, marking its largest daily percentage drop in two and a half years."
      ]
    }
  },
  {
    "question": "What were the exact closing prices and percentage declines for MicroStrategy and Coinbase Global on Monday, and what underlying market factor contributed to these drops?",
    "answer": "MicroStrategy closed at $239.27, down 16.68%, and Coinbase Global closed at $179.23, down 17.58%. These declines were due to weakness in Bitcoin, which fell below $80,000.",
    "keypoints": {
      "video": [
        "MicroStrategy's stock price is listed as $239.27, showing a decrease of 16.68%.",
        "Coinbase Global's stock price is reported at $179.23, reflecting a decline of 17.58%."
      ],
      "text": [
        "Shares of MicroStrategy and Coinbase dropped more than 16% and 17% respectively on Monday, tracking weakness in Bitcoin which fell below $80,000."
      ]
    }
  },
  {
    "question": "Following President Donald Trump's comments in a weekend interview about a potential U.S. recession, what was the exact closing value and percentage drop for the Dow Jones Industrial Average on Monday, and what two factors did Mike Musio attribute to the market's reassessment of recession probabilities?",
    "answer": "The Dow Jones Industrial Average closed at 41,911.71 points, a 2.08% decline. Mike Musio attributed the market's reassessment of recession probabilities to uncertainty around tariffs and their potential impact on inflation and the economic outlook, as well as a concurrent growth scare.",
    "keypoints": {
      "video": [
        "The Dow Jones Industrial Average has decreased by 2.08%, closing at 41,911.71 points."
      ],
      "text": [
        "FBB Capital Partners President Mike Musio stated that the market's reassessment of recession probabilities is linked to uncertainty around tariffs and their potential impact on inflation and the economic outlook, as well as a concurrent growth scare."
      ]
    }
  }
]