[
  {
    "question": "How much did the Dow Jones Industrial Average decline in points and percentage on Monday?",
    "answer": "The Dow Jones Industrial Average dropped nearly 900 points to close 2% lower.",
    "keypoints": [
      "U.S. stocks experienced a significant decline on Monday, with the Dow Jones Industrial Average dropping nearly 900 points to close 2% lower."
    ]
  },
  {
    "question": "What was the percentage loss for the S&P 500 index on Monday?",
    "answer": "The S&P 500 index shed 2.7%.",
    "keypoints": [
      "The S&P 500 index shed 2.7% on Monday."
    ]
  }
]
