[
  {
    "question": "What event caused the debris and damaged car seen in Beerli, Israel, and what is the reported death toll in Gaza from the subsequent offensive according to the Palestinian Health Ministry?",
    "answer": "The debris and damaged car in Beerli resulted from the October 7 Hamas-led attack that killed approximately 1,200 people in Israel, and the subsequent Israeli offensive has killed more than 37,000 people in Gaza.",
    "keypoints": {
      "video": [
        "A pile of debris lies on the ground near a red curb in Beerli, Israel, including clothes, papers, and other personal items.",
        "A severely damaged car is seen on the side of a road in Beerli, Israel, with its hood open and parts scattered around."
      ],
      "text": [
        "Israel launched an offensive in retaliation for the October 7 Hamas-led attack that killed approximately 1,200 people in Israel.",
        "Israel's offensive has killed more than 37,000 people in Gaza, according to the Palestinian Health Ministry."
      ]
    }
  }
]