[
  {
    "question": "What did Mahmud and Fatima Jahun sell to fund their Hajj pilgrimage?",
    "answer": "They sold their jewelry.",
    "keypoints": [
      "Mahmud and Fatima Jahun sold their jewelry to fund the Hajj pilgrimage to Mecca."
    ]
  },
  {
    "question": "How much are the estimated repair costs for the Jahuns' destroyed home in Han Yunes?",
    "answer": "$20,000.",
    "keypoints": [
      "The Jahuns' home in Han Yunes was destroyed, with repair costs estimated at $20,000."
    ]
  }
]
