[
  {
    "question": "What does a ceiling riddled with bullet holes indicate about a building?",
    "answer": "It indicates recent conflict or violence.",
    "keypoints": [
      "The ceiling of a building is riddled with bullet holes, indicating recent conflict or violence."
    ]
  },
  {
    "question": "What features line the road in Khan Younis, Gaza, where people walk through a busy street?",
    "answer": "Destroyed buildings and makeshift stalls line the road.",
    "keypoints": [
      "People walk through a busy street in Khan Younis, Gaza, with destroyed buildings and makeshift stalls lining the road."
    ]
  }
]