[
  {
    "question": "What specific protective gear is Paul Dominguez shown wearing while walking through a busy urban street, and what additional equipment does he use for ultraviolet radiation protection?",
    "answer": "Paul Dominguez is shown wearing a protective hood and sunglasses while walking through a busy urban street. He also carries a UV meter and uses a fan for ultraviolet radiation protection when going outside.",
    "keypoints": {
      "video": [
        "A person wearing a protective hood and sunglasses walks through a busy urban street, passing by various storefronts and pedestrians."
      ],
      "text": [
        "Paul Dominguez carries a UV meter, wears protective gear, and uses a fan when he must go outside."
      ]
    }
  }
]