[
  {
    "question": "What activities were observed in British car manufacturing facilities during March 2024, and how did the construction sector's performance affect overall economic gains?",
    "answer": "Workers were actively assembling components on partially assembled vehicles in car manufacturing facilities. While car manufacturing performed well, its gains were offset by weakness in the construction sector.",
    "keypoints": {
      "video": [
        "The interior of a car manufacturing facility displays numerous partially assembled cars on stands.",
        "Workers are actively assembling components inside the vehicles within the manufacturing facility."
      ],
      "text": [
        "Car manufacturing performed well in March 2024, but construction sector weakness offset gains."
      ]
    }
  },
  {
    "question": "What specific construction site activities were documented in Britain during March 2024, and how did this sector's performance impact quarterly economic growth?",
    "answer": "Construction workers operated heavy machinery to move debris, worked on scaffolding, and installed window frames at sites. The sector's weakness partially offset the 0.6% quarterly economic growth despite gains in other areas.",
    "keypoints": {
      "video": [
        "Construction workers in safety gear are working on scaffolding at a construction site.",
        "A worker in a safety vest and helmet is seen inside a window frame under construction.",
        "A construction site features heavy machinery moving debris while workers observe nearby."
      ],
      "text": [
        "Britain's economy grew by 0.6% in the first quarter of 2024, marking the strongest expansion since the fourth quarter of 2021.",
        "Car manufacturing performed well in March 2024, but construction sector weakness offset gains."
      ]
    }
  }
]