[
  {
    "question": "By how much did Britain's economy grow in the first quarter of 2024, and what milestone did this represent?",
    "answer": "Britain's economy grew by 0.6% in the first quarter of 2024, marking the strongest expansion since the fourth quarter of 2021.",
    "keypoints": [
      "Britain's economy grew by 0.6% in the first quarter of 2024, marking the strongest expansion since the fourth quarter of 2021."
    ]
  },
  {
    "question": "What was Britain's economic growth rate in March 2024, and how did it perform relative to expectations?",
    "answer": "Britain's economy grew by 0.4% in March 2024, which was faster than analyst forecasts.",
    "keypoints": [
      "Britain's economy grew by 0.4% in March 2024, faster than analyst forecasts."
    ]
  },
  {
    "question": "What factor contributed to Britain's economic growth in March 2024?",
    "answer": "The growth was partly driven by fewer public sector strikes.",
    "keypoints": [
      "The March 2024 growth was partly driven by fewer public sector strikes."
    ]
  },
  {
    "question": "By what percentage did Britain's gross domestic product increase in March 2024 compared to March 2023, and how did this compare to expectations?",
    "answer": "Gross domestic product in March 2024 was 0.7% higher than in March 2023, exceeding economist expectations.",
    "keypoints": [
      "Gross domestic product in March 2024 was 0.7% higher than in March 2023, exceeding economist expectations."
    ]
  }
]
