[
  {
    "question": "What evidence indicated severe fire damage to the wreckage, and how did this affect victim identification?",
    "answer": "Burnt metal frames and twisted debris were visible in the wreckage, and some victims' bodies were burned beyond recognition.",
    "keypoints": {
      "video": [
        "Burnt metal frames and twisted debris are visible in a pile of wreckage."
      ],
      "text": [
        "Some victims' bodies were burned beyond recognition."
      ]
    }
  }
]