[
  {
    "question": "Where did the bus crash occur in South Africa?",
    "answer": "The bus crash occurred in South Africa's Limpopo province near Mammad Lala.",
    "keypoints": [
      "A bus crash occurred in South Africa's Limpopo province near Mammad Lala."
    ]
  },
  {
    "question": "How many fatalities were reported by the South African Department of Transport from the bus crash?",
    "answer": "The South African Department of Transport reported at least 45 fatalities from the crash.",
    "keypoints": [
      "The South African Department of Transport reported the crash resulted in at least 45 fatalities."
    ]
  },
  {
    "question": "What sequence of events caused the bus crash?",
    "answer": "The bus driver lost control, collided with bridge barriers, went over the bridge, hit the ground, and caught fire.",
    "keypoints": [
      "The bus driver lost control, collided with bridge barriers, went over the bridge, hit the ground, and caught fire."
    ]
  }
]
