[
  {
    "question": "What destruction is visible in Metula, Israel, and what is Israel's stated objective for its military campaign against Hezbollah in northern Israel?",
    "answer": "Extensive damage to residential areas in Metula, Israel is visible, with houses partially collapsed and debris scattered around. Israel's stated objective is to secure the return home of tens of thousands of people evacuated from northern Israel due to Hezbollah rocket attacks.",
    "keypoints": {
      "video": [
        "In Metula, Israel, there is extensive damage to residential areas, with houses partially collapsed and debris scattered around."
      ],
      "text": [
        "Israel stated it aims to secure the return home of tens of thousands of people evacuated from northern Israel due to rocket attacks by Hezbollah."
      ]
    }
  }
]