[
  {
    "question": "Where and when was the event located according to the timestamp?",
    "answer": "The location was Baabda, Lebanon, and the date was November 21, 2024.",
    "keypoints": [
      "The location is identified as Baabda, Lebanon, with a timestamp showing November 21, 2024."
    ]
  },
  {
    "question": "What damage occurred in Metula, Israel?",
    "answer": "There was extensive damage to residential areas, with houses partially collapsed and debris scattered around.",
    "keypoints": [
      "In Metula, Israel, there is extensive damage to residential areas, with houses partially collapsed and debris scattered around."
    ]
  }
]