[
  {
    "question": "At what specific location did US Congressional leaders introduce the stopgap funding measure to prevent a government shutdown, and what deadline applies for Senate passage if the House of Representatives approves it?",
    "answer": "The stopgap funding measure was introduced at the United States Capitol. If approved by the House of Representatives, the Senate must pass it before Friday's midnight deadline to prevent a shutdown.",
    "keypoints": {
      "video": [
        "The United States Capitol building is prominently displayed against a clear blue sky, with its dome and surrounding greenery visible."
      ],
      "text": [
        "The Democratic-majority Senate aims to pass the legislation before Friday's midnight deadline if the House approves it."
      ]
    }
  }
]