[
  {
    "question": "What action did US Congressional leaders take on Tuesday regarding government funding?",
    "answer": "US Congressional leaders introduced a stopgap funding measure to prevent a partial government shutdown starting Saturday.",
    "keypoints": [
      "US Congressional leaders introduced a stopgap funding measure on Tuesday to prevent a partial government shutdown starting Saturday."
    ]
  },
  {
    "question": "Through what date would the stopgap funding measure fund federal agencies and at what budget level?",
    "answer": "The stopgap measure would fund federal agencies through March 14th, maintaining the current $6.2 trillion federal budget level.",
    "keypoints": [
      "The stopgap measure would fund federal agencies through March 14th, maintaining the current $6.2 trillion federal budget level."
    ]
  }
]
