[
  {
    "question": "What specific fruits are displayed with discounted price tags in the supermarket produce section?",
    "answer": "Apples, oranges, and mangoes are displayed with discounted price tags in the supermarket produce section.",
    "keypoints": [
      "A supermarket produce section displays a wide variety of fruits like apples, oranges, and mangoes, with price tags indicating discounts."
    ]
  },
  {
    "question": "What is the advertised sale price for the pie pumpkin cheesecake at the grocery store?",
    "answer": "The pie pumpkin cheesecake is advertised for $4.99 on sale at the grocery store.",
    "keypoints": [
      "A man shops for items in a grocery store, placing them into his cart near a sale sign advertising a pie pumpkin cheesecake for $4.99."
    ]
  }
]