[
  {
    "question": "What symbols were displayed at the pro-government rally in Tbilisi where Bidzina Ivanishvili spoke, and what claim did he make about NATO's treatment of Georgia and Ukraine?",
    "answer": "European Union flags were displayed at the rally, and Bidzina Ivanishvili claimed that Georgia and Ukraine were not allowed to join NATO and were left as 'cannon fodder'.",
    "keypoints": {
      "video": [
        "An aerial view shows a large crowd gathered in a city square at night, with a stage set up for an event featuring European Union flags."
      ],
      "text": [
        "At a pro-government rally in Tbilisi in April, Ivanishvili claimed Georgia and Ukraine were not allowed to join NATO and were left as 'cannon fodder'."
      ]
    }
  },
  {
    "question": "What luxurious interior features are shown in the video of a man in a blue sweater at Bidzina Ivanishvili's Tbilisi residence, and what exotic passions does he pursue there?",
    "answer": "The video shows art pieces and a pool table within the residence, and Bidzina Ivanishvili pursues exotic passions including keeping sharks, zebras, and rare trees.",
    "keypoints": {
      "video": [
        "A man in a blue sweater points at various features within a modern, luxurious interior space that includes art pieces and a pool table."
      ],
      "text": [
        "The 68-year-old Ivanishvili resides in a mega-mansion towering 60 meters over Tbilisi and engages in exotic passions like keeping sharks, zebras, and rare trees."
      ]
    }
  }
]