[
  {
    "question": "How has the Georgian Dream party shifted its geopolitical alignment ahead of the upcoming election?",
    "answer": "The political party Ivanishvili founded, Georgian Dream, has reoriented itself more towards Moscow and away from Europe ahead of the election.",
    "keypoints": [
      "The political party Ivanishvili founded, Georgian Dream, has reoriented itself more towards Moscow and away from Europe ahead of an election on Saturday."
    ]
  },
  {
    "question": "What accusation does Bidzina Ivanishvili make against Western powers regarding Georgia and Russia?",
    "answer": "Ivanishvili claims a 'global war party' in the West is pushing Georgia into conflict with Russia, similar to what he says happened in Ukraine.",
    "keypoints": [
      "Ivanishvili claims a \"global war party\" in the West is pushing Georgia into conflict with Russia, similar to what he says happened in Ukraine."
    ]
  }
]
