[
  {
    "question": "After Nike reported that its direct consumer strategy underperformed expectations, what specific product display elements are featured in their large urban stores with glass facades?",
    "answer": "Large urban Nike stores with prominent glass facades feature interior display walls exhibiting various Nike shoes alongside images of athletes in action, and exterior neon signage spelling 'NIKE' illuminated against dark backgrounds.",
    "keypoints": {
      "video": [
        "A large Nike store with a prominent glass facade and a giant Nike logo is situated in a busy urban area.",
        "A display wall inside a store exhibits various Nike shoes alongside images of athletes in action.",
        "A neon sign spelling 'NIKE' is illuminated against a dark background."
      ],
      "text": [
        "Nike executives stated that the company's direct consumer strategy was not driving growth as expected."
      ]
    }
  }
]