[
  {
    "question": "What consumer-facing characteristic of Xiaomi, demonstrated by smartphones displayed under its logo at an event, and its prior legal outcome, supports analyst predictions about Tencent's removal from the U.S. Department of Defense's list?",
    "answer": "Xiaomi, a phone maker that publicly showcases consumer products at events, was removed from the list in 2021 after suing the U.S. government, leading analysts to predict Tencent has a good chance of similar removal.",
    "keypoints": {
      "video": [
        "Several smartphones are displayed on stands in front of a Xiaomi logo, with individuals wearing masks in the background."
      ],
      "text": [
        "Phone maker Xiaomi was removed from the list in 2021 after suing the U.S. government.",
        "An analyst told Reuters that Tencent has a good chance of securing a similar removal outcome as Xiaomi."
      ]
    }
  }
]