[
  {
    "question": "What did Tesla announce about its vehicle production costs?",
    "answer": "Tesla stated that the labor and material costs of making vehicles dropped to their lowest ever level.",
    "keypoints": [
      "Tesla stated that the labor and material costs of making vehicles dropped to their lowest ever level."
    ]
  },
  {
    "question": "What two priorities did Tesla's company statement emphasize?",
    "answer": "Tesla stated it would remain focused on expanding its vehicle lineup while continuing to widen its industry-leading margins.",
    "keypoints": [
      "A Tesla company statement said it would remain focused on expanding its vehicle lineup while continuing to widen its industry-leading margins."
    ]
  }
]
