[
  {
    "question": "What is the name of Tesla's proprietary charging station used for their electric vehicles?",
    "answer": "Tesla Supercharger station",
    "keypoints": [
      "A woman connects a charging cable from a Tesla Supercharger station to her white Tesla vehicle."
    ]
  },
  {
    "question": "What style of doors are featured on certain futuristic Tesla vehicle models?",
    "answer": "butterfly doors",
    "keypoints": [
      "A man in a leather jacket walks towards a futuristic-looking Tesla vehicle with butterfly doors."
    ]
  }
]