[
  {
    "question": "At the New York International Auto Show 2024, which Hyundai and Kia models were featured, and what were Hyundai's electric vehicle sales growth figures in the United States last year and year-to-date in February?",
    "answer": "The 2025 Hyundai Tucson and Kia EV6 were featured. Hyundai's electric vehicle sales doubled in the United States last year, and year-to-date in February, they grew 38%.",
    "keypoints": {
      "video": [
        "The 2025 Hyundai Tucson is prominently displayed at the show with a large promotional banner in the background.",
        "The Kia EV6 is featured in a display area with bright lighting and modern design elements."
      ],
      "text": [
        "Hyundai's electric vehicle sales doubled in the United States last year.",
        "Year-to-date in February, Hyundai's EV sales grew 38%, compared to overall market growth of 17.7%."
      ]
    }
  }
]