[
  {
    "question": "What triggered the rally in chipmaker stocks?",
    "answer": "Chipmakers rallied due to Microsoft's plan to invest $80 billion to develop artificial intelligence-enabled data centers.",
    "keypoints": [
      "Chipmakers rallied, boosted by Microsoft's plan to invest $80 billion to develop artificial intelligence-enabled data centers."
    ]
  },
  {
    "question": "What was the stock price movement for Microsoft shares?",
    "answer": "Microsoft shares rose 1%.",
    "keypoints": [
      "Microsoft shares rose 1%."
    ]
  },
  {
    "question": "Which company's financial results contributed to the semiconductor sector's performance?",
    "answer": "Foxconn's forecast-beating fourth-quarter revenue helped lift the semiconductor sector.",
    "keypoints": [
      "Foxconn's forecast-beating fourth-quarter revenue also helped lift the semiconductor sector."
    ]
  }
]
