[
  {
    "question": "Which company rang the closing bell at the New York Stock Exchange on January 6, 2025?",
    "answer": "Eagle Point Credit Company rang the closing bell at the New York Stock Exchange on January 6, 2025.",
    "keypoints": [
      "A group of people are gathered at the New York Stock Exchange, celebrating as they ring the closing bell for Eagle Point Credit Company on January 6, 2025."
    ]
  },
  {
    "question": "What were the Dow Industrials, S&P 500, and NASDAQ values and percentage changes shown on the U.S. Markets display?",
    "answer": "The U.S. Markets display showed the Dow Industrials at 42,707 with a -0.06% change, the S&P 500 at 5,975 with a +0.55% change, and the NASDAQ at 19,865 with a +1.24% change.",
    "keypoints": [
      "The U.S. Markets display shows the Dow Industrials at 42,707 with a -0.06% change, the S&P 500 at 5,975 with a +0.55% change, and the NASDAQ at 19,865 with a +1.24% change."
    ]
  },
  {
    "question": "What was Microsoft's listed stock price and percentage change?",
    "answer": "Microsoft's stock price was listed at $427.85 with a 1.06% increase.",
    "keypoints": [
      "Microsoft's stock price is listed at $427.85, showing an increase of 1.06%."
    ]
  },
  {
    "question": "What was NVIDIA's listed stock price and percentage change?",
    "answer": "NVIDIA's stock price was listed at $149.43 with a 3.43% increase.",
    "keypoints": [
      "NVIDIA's stock price is shown as $149.43 with a 3.43% increase."
    ]
  },
  {
    "question": "What was Advanced Micro Devices' listed stock price and percentage change?",
    "answer": "Advanced Micro Devices' stock price was listed at $129.55 with a 3.33% increase.",
    "keypoints": [
      "Advanced Micro Devices' stock price is displayed as $129.55 with a 3.33% increase."
    ]
  },
  {
    "question": "What was Micron Technology's listed stock price and percentage change?",
    "answer": "Micron Technology's stock price was listed at $99.26 with a 10.45% increase.",
    "keypoints": [
      "Micron Technology's stock price is listed at $99.26 with a 10.45% increase."
    ]
  },
  {
    "question": "What was Ford Motor Company's listed stock price and percentage change?",
    "answer": "Ford Motor Company's stock price was listed at $9.92 with a 0.40% increase.",
    "keypoints": [
      "Ford Motor Company's stock price is shown as $9.92 with a 0.40% increase."
    ]
  },
  {
    "question": "What was General Motors Company's listed stock price and percentage change?",
    "answer": "General Motors Company's stock price was listed at $53.53 with a 3.40% increase.",
    "keypoints": [
      "General Motors Company's stock price is displayed as $53.53 with a 3.40% increase."
    ]
  },
  {
    "question": "What was Citigroup's listed stock price and percentage change?",
    "answer": "Citigroup's stock price was listed at $72.74 with a 2.45% increase.",
    "keypoints": [
      "Citigroup's stock price is listed at $72.74 with a 2.45% increase."
    ]
  }
]