[
  {
    "question": "What injury did a man from Hersan, Ukraine, sustain from a Russian drone attack while walking to work?",
    "answer": "He lost his foot when a Russian drone dropped a grenade on him.",
    "keypoints": [
      "A man from Hersan, Ukraine, lost his foot when a Russian drone dropped a grenade on him as he walked to work."
    ]
  },
  {
    "question": "Why is Hersan, Ukraine, considered the country's most dangerous city?",
    "answer": "It is bombarded daily with Russian drone attacks.",
    "keypoints": [
      "Hersan is Ukraine's most dangerous city and is bombarded daily with Russian drone attacks."
    ]
  },
  {
    "question": "What was the purpose of the meeting between U.S. and Russian negotiators in Saudi Arabia on Monday?",
    "answer": "To establish a proposed 30-day pause and move towards a broader ceasefire.",
    "keypoints": [
      "U.S. and Russian negotiators met in Saudi Arabia on Monday to try to establish a proposed 30-day pause and move towards a broader ceasefire."
    ]
  },
  {
    "question": "What was the population of Hersan, Ukraine, before the conflict and what is it currently?",
    "answer": "The population dwindled from nearly 300,000 people to 60,000 people.",
    "keypoints": [
      "Hersan's population has dwindled from nearly 300,000 people to 60,000 people."
    ]
  }
]
