[
  {
    "question": "Why did JetBlue Airways improve its revenue forecast?",
    "answer": "JetBlue Airways attributed the improved forecast to strong summer travel demand.",
    "keypoints": [
      "JetBlue Airways attributed the improved forecast to strong summer travel demand."
    ]
  },
  {
    "question": "What caused the global cyber outage?",
    "answer": "The cyber outage was caused by a software update from cybersecurity firm CrowdStrike.",
    "keypoints": [
      "The cyber outage was caused by a software update from cybersecurity firm CrowdStrike."
    ]
  },
  {
    "question": "What is JetBlue Airways' updated third-quarter revenue growth forecast?",
    "answer": "JetBlue Airways now forecasts third-quarter revenue could rise 1%.",
    "keypoints": [
      "JetBlue Airways now forecasts third-quarter revenue could rise 1%."
    ]
  }
]
