[
  {
    "question": "At the Africa Heads of State Summit where flags of various nations were displayed, what financial request did African leaders make to wealthy countries, and how did World Bank President Ajay Banga, seen speaking at the event, justify this request?",
    "answer": "African heads of state requested wealthy nations to help raise at least $120 billion for the World Bank's International Development Association. World Bank President Ajay Banga justified the request by stating that contributions to African development are not a handout but serve the interests of richer countries due to Africa's potential.",
    "keypoints": {
      "video": [
        "A man in a suit and turban speaks in front of a flag featuring the World Bank logo."
      ],
      "text": [
        "African heads of state called on Monday for rich nations to help raise at least $120 billion for the World Bank's International Development Association.",
        "World Bank President Ajay Banga stated that contributions to African development are not a handout but in the interest of richer countries due to Africa's potential."
      ]
    }
  },
  {
    "question": "Following the suspension of Kenya Airways flights to Kinshasa displayed on departure boards at Terminal 1A, what reason did Congo's Military Intelligence provide for detaining two Kenya Airways staff members?",
    "answer": "Congo's Military Intelligence detained two Kenya Airways staff members in Kinshasa on April 19th over missing customs data for valuable cargo.",
    "keypoints": {
      "video": [
        "A digital screen displays flight information for various international destinations served by Kenya Airways."
      ],
      "text": [
        "Congo's Military Intelligence detained two Kenya Airways staff members in Kinshasa on April 19th over missing customs data for valuable cargo."
      ]
    }
  },
  {
    "question": "Regarding the ten-dollar bills issued by the Reserve Bank of Zimbabwe being held, what new currency replaced the Zim dollar, and why was this replacement necessary?",
    "answer": "Zimbabwe introduced a new gold-backed currency to replace the Zim dollar, which was abandoned after losing over 70% of its value against the US dollar.",
    "keypoints": {
      "video": [
        "A person holds several ten-dollar bills issued by the Reserve Bank of Zimbabwe."
      ],
      "text": [
        "Zimbabwe's new gold-backed currency replaces the Zim dollar, which lost over 70% of its value against the US dollar before being abandoned earlier in April."
      ]
    }
  },
  {
    "question": "Given soldiers in military gear stationed near a 'Congo' sign and armed units marching in eastern DRC, what key mining town did rebels claim to control, and how has security deteriorated since March 2022?",
    "answer": "Rebels claimed control of Rubaya, a key mining town for coltan. Security in eastern Democratic Republic of Congo has worsened since the M23 group staged a major comeback in March 2022.",
    "keypoints": {
      "video": [
        "A group of armed soldiers marches along a rural road, carrying weapons and wearing combat boots."
      ],
      "text": [
        "Rebels in eastern Democratic Republic of Congo claim to have taken control of Rubaya, a key mining town for the mineral coltan.",
        "Insecurity in eastern Democratic Republic of Congo has worsened since the M23 group staged a major comeback in March 2022."
      ]
    }
  }
]