[
  {
    "question": "How much cocoa beans do Ivory Coast and Ghana lack to fulfill pre-sold delivery contracts?",
    "answer": "Up to 500,000 metric tons.",
    "keypoints": [
      "Ivory Coast and Ghana lack sufficient cocoa beans to fulfill pre-sold delivery contracts for up to 500,000 metric tons."
    ]
  },
  {
    "question": "What was the contracted price per metric ton for pre-sold cocoa deliveries?",
    "answer": "Approximately $2,500 per metric ton, roughly a quarter of current world prices.",
    "keypoints": [
      "The pre-sold cocoa deliveries were contracted at approximately $2,500 per metric ton, roughly a quarter of current world prices."
    ]
  },
  {
    "question": "What caused the large global cocoa supply deficit?",
    "answer": "Poor harvests in Ivory Coast and Ghana, which produce nearly 60% of the world's cocoa.",
    "keypoints": [
      "Poor harvests in Ivory Coast and Ghana, which produce nearly 60% of the world's cocoa, have caused a large global cocoa supply deficit."
    ]
  },
  {
    "question": "What does World Bank President Ajay Banga expect regarding African leaders' request for a low-interest facility?",
    "answer": "He expects donor countries to meet the request for record contributions to a low-interest facility for developing nations.",
    "keypoints": [
      "World Bank President Ajay Banga expects donor countries to meet African leaders' request for record contributions to a low-interest facility for developing nations."
    ]
  }
]
