[
  {
    "question": "What specific bourbon product was selected by a consumer from a well-lit shelf stocked with various whiskey brands, and how does consumer Deac Agawal believe reduced tariffs will affect bourbon's market position in India?",
    "answer": "The product selected was Tommy Bahama RYE. Deac Agawal believes lower prices will help bourbon make inroads in India's alcohol market and increase consumer choice.",
    "keypoints": {
      "video": [
        "A man in a white shirt is selecting a bottle of Tommy Bahama RYE from a well-lit shelf stocked with various whiskey brands."
      ],
      "text": [
        "Consumer Deac Agawal stated lower prices will help bourbon make inroads in India's alcohol market and increase consumer choice."
      ]
    }
  },
  {
    "question": "What American whiskey product was showcased on a display stand with a decorative butterfly cutout, and what was the exact percentage of India's tariff reduction on American bourbon?",
    "answer": "Jack Daniel's Tennessee Honey was showcased. India reduced tariffs from 150% to 100%, a 50-percentage-point reduction.",
    "keypoints": {
      "video": [
        "Jack Daniel's Tennessee Honey is showcased on a display stand with a decorative butterfly cutout behind it."
      ],
      "text": [
        "India reduced tariffs on American bourbon from 150% to 100%."
      ]
    }
  },
  {
    "question": "Which two American whiskey brands were displayed on shelves alongside Woodford Reserve Kentucky Straight Bourbon bottles featured prominently on a countertop, and what criticism have industry executives voiced about India's import policies?",
    "answer": "Jack Daniel's and Woodford Reserve were displayed. Industry executives have criticized India's high tariff regime for imported spirits.",
    "keypoints": {
      "video": [
        "The shelves display an array of premium whiskey bottles, including Woodford Reserve and Jack Daniel's, arranged neatly under bright lighting."
      ],
      "text": [
        "Industry executives have criticized India's high tariff regime for imported spirits."
      ]
    }
  }
]