[
  {
    "question": "What was the specific tariff reduction on American bourbon by India?",
    "answer": "India reduced tariffs on American bourbon from 150% to 100%.",
    "keypoints": [
      "India reduced tariffs on American bourbon from 150% to 100%."
    ]
  },
  {
    "question": "Who benefits from India's tariff cut on American bourbon?",
    "answer": "U.S. whiskey distillers benefit from the tariff cut.",
    "keypoints": [
      "The tariff cut benefits U.S. whiskey distillers and follows criticism from U.S. President Donald Trump about unfair levies."
    ]
  }
]
