[
  {
    "question": "Which premium whiskey brands are visibly displayed on shelves in a retail environment?",
    "answer": "Woodford Reserve and Jack Daniel's",
    "keypoints": [
      "The shelves display an array of premium whiskey bottles, including Woodford Reserve and Jack Daniel's, arranged neatly under bright lighting."
    ]
  },
  {
    "question": "Which whiskey brands are featured in a dedicated liquor store section with product information panels?",
    "answer": "Teeling Whiskey, Royal Brackla, and Woodford Reserve",
    "keypoints": [
      "A section of a liquor store features displays for Teeling Whiskey, Royal Brackla, and Woodford Reserve, with detailed product information panels."
    ]
  }
]