[
  {
    "question": "How many dengue cases were recorded in Argentina during the 2023-2024 season?",
    "answer": "Over 120,000 cases were recorded, positioning the outbreak to break previous records.",
    "keypoints": [
      "Argentina is experiencing a major dengue outbreak with over 120,000 cases recorded during the 2023-2024 season, positioning it to break previous records."
    ]
  },
  {
    "question": "How many dengue cases occurred in Argentina during the first 10 weeks of 2024?",
    "answer": "More than 103,000 dengue cases were recorded.",
    "keypoints": [
      "More than 103,000 dengue cases were recorded in the first 10 weeks of 2024."
    ]
  },
  {
    "question": "What did Mariana Manka, director of The Malbran Institute, state about Argentina's dengue outbreak?",
    "answer": "She stated that Argentina is undergoing its biggest dengue outbreak with 200% more cases than the same season last year.",
    "keypoints": [
      "Mariana Manka, director of The Malbran Institute, stated that Argentina is undergoing its biggest dengue outbreak with 200% more cases than the same season last year."
    ]
  },
  {
    "question": "During which months do dengue cases typically occur in the southern hemisphere?",
    "answer": "Cases typically appear during late summer months and persist up to May.",
    "keypoints": [
      "Dengue cases typically appear during the southern hemisphere's late summer months and persist up to May."
    ]
  }
]
