[
  {
    "question": "What impact did the National Defense Education Act of 1958 have on financial education in U.S. public schools, following President Eisenhower's address to Congress?",
    "answer": "The National Defense Education Act of 1958, initiated after President Eisenhower's address to Congress, prioritized math, science, and foreign languages. This led to subsequent U.S. legislation focusing on standardized testing, which reduced emphasis on life skills like financial education.",
    "keypoints": {
      "video": [
        "In 1958, President Eisenhower addressed Congress about educational reforms, leading to the National Defense Education Act."
      ],
      "text": [
        "Subsequent U.S. legislation increasingly focused curricula on standardized testing, reducing emphasis on life skills like financial education."
      ]
    }
  }
]