[
  {
    "question": "How many states made financial education classes mandatory by 2011?",
    "answer": "46 states made financial education classes mandatory by 2011.",
    "keypoints": [
      "The historical comparison of personal finance education from 1998 to 2022 shows that the number of states offering financial education increased significantly, with 46 states making classes mandatory by 2011."
    ]
  },
  {
    "question": "What concepts showed gaps in understanding during the 2023 financial literacy test?",
    "answer": "The test revealed gaps in understanding of interest rates, inflation, and risk diversification.",
    "keypoints": [
      "In a financial literacy test conducted in 2023, participants were asked questions about interest rates, inflation, and risk diversification, revealing gaps in understanding these concepts."
    ]
  }
]