[
  {
    "question": "What premature infant did Dr. Badin's team successfully operate on despite facility limitations at the temporary Kyiv location, and what specific care practices for critically ill newborns are demonstrated in the video?",
    "answer": "Dr. Badin's team successfully operated on premature infant Veronica, born at 24 weeks. The video demonstrates care practices including a newborn in an incubator connected to medical tubes/wires with healthcare workers adjusting equipment and providing gentle physical contact.",
    "keypoints": {
      "video": [
        "A newborn baby is lying in an incubator, connected to several medical tubes and wires, while a healthcare worker adjusts the equipment.",
        "A hand gently touches the head of a newborn baby who is lying in an incubator, surrounded by medical apparatus."
      ],
      "text": [
        "The team successfully conducted life-saving surgery on premature infant Veronica, born at 24 weeks, despite the facility limitations."
      ]
    }
  }
]