[
  {
    "question": "What is the International Committee of the Red Cross worker in the red hijab and white vest doing with the poster containing Arabic text and illustrations, and what specific action must civilians avoid when encountering unexploded ordnance?",
    "answer": "The worker is pointing at a poster warning about unexploded ordnance, and civilians must not approach, kick, or touch unexploded ammunition or ordinances.",
    "keypoints": {
      "video": [
        "A woman wearing a red hijab and a white vest with the International Committee of the Red Cross logo is pointing at a poster that includes Arabic text and illustrations warning about unexploded ordnance."
      ],
      "text": [
        "Civilians must not approach, kick, or touch unexploded ammunition or ordinances."
      ]
    }
  },
  {
    "question": "What safety messages are conveyed through the mural depicting a child being warned away from dangerous objects and the mural showing unexploded ordnance with a red 'X', and why are children particularly vulnerable to these hazards?",
    "answer": "The murals convey safety messages in Arabic about avoiding dangerous objects and advise against touching unexploded ordnance. Children are particularly vulnerable because they play among rubble where unexploded ammunition is often found.",
    "keypoints": {
      "video": [
        "A man wearing a vest with the 'COMITE INTERNATIONAL' logo stands in front of a wall mural depicting a child being warned away from dangerous objects, with Arabic text emphasizing safety messages.",
        "The mural includes images of unexploded ordnance with a red 'X' mark over them, accompanied by Arabic text advising against touching or following such objects."
      ],
      "text": [
        "Children are the most vulnerable to unexploded ammunition or ordinances because they play among rubble."
      ]
    }
  },
  {
    "question": "What are the children seated inside the tent learning from the instructor holding the skull and crossbones sign, and what immediate action should they take if they discover unexploded ammunition?",
    "answer": "The children are learning about unexploded ordnance dangers through the skull and crossbones symbol. If they discover unexploded ammunition, they must immediately report it to any adult.",
    "keypoints": {
      "video": [
        "Children are seated on the ground inside a tent, attentively listening to an instructor who is holding up a sign with a skull and crossbones symbol."
      ],
      "text": [
        "Civilians who find unexploded ammunition or ordinances must inform any adult they can find to report the incident."
      ]
    }
  },
  {
    "question": "What safety content is being created by the artists painting the mural with unexploded ordnance imagery, and which groups bear shared responsibility for protecting civilians from these hazards?",
    "answer": "The artists are creating a mural with unexploded ordnance images marked by a red 'X' and Arabic warnings against touching such objects. Parties to the conflict bear shared responsibility for protecting civilians from these hazards.",
    "keypoints": {
      "video": [
        "Artists are painting a mural on a wall, using brushes and paint cans, while another person sits nearby observing the work.",
        "The mural includes images of unexploded ordnance with a red 'X' mark over them, accompanied by Arabic text advising against touching or following such objects."
      ],
      "text": [
        "Parties to the conflict have a shared responsibility to limit civilian exposure to unexploded ammunition or ordinances."
      ]
    }
  }
]