[
  {
    "question": "Why are children the most vulnerable to unexploded ammunition or ordinances?",
    "answer": "Children are the most vulnerable because they play among rubble where unexploded ammunition or ordinances may be present.",
    "keypoints": [
      "Children are the most vulnerable to unexploded ammunition or ordinances because they play among rubble."
    ]
  },
  {
    "question": "What visual characteristics of unexploded ammunition or ordinances should civilians recognize?",
    "answer": "Civilians should recognize that unexploded ammunition or ordinances have specific shapes and colors.",
    "keypoints": [
      "Unexploded ammunition or ordinances have specific shapes and colors that civilians should recognize."
    ]
  }
]
