[
  {
    "question": "What organization uses posters with Arabic text and illustrations to warn about unexploded ordnance?",
    "answer": "The International Committee of the Red Cross uses posters with Arabic text and illustrations to warn about unexploded ordnance.",
    "keypoints": [
      "A woman wearing a red hijab and a white vest with the International Committee of the Red Cross logo is pointing at a poster that includes Arabic text and illustrations warning about unexploded ordnance."
    ]
  },
  {
    "question": "What symbol is used by instructors to teach children about explosive hazards?",
    "answer": "Instructors use a sign with a skull and crossbones symbol to teach children about explosive hazards.",
    "keypoints": [
      "Children are seated on the ground inside a tent, attentively listening to an instructor who is holding up a sign with a skull and crossbones symbol."
    ]
  },
  {
    "question": "How does the murals with Arabic text instruct people to handle unexploded ordnance?",
    "answer": "The murals instruct people not to touch or follow unexploded ordnance, showing them marked with a red 'X' symbol.",
    "keypoints": [
      "The mural includes images of unexploded ordnance with a red 'X' mark over them, accompanied by Arabic text advising against touching or following such objects."
    ]
  }
]