[
  {
    "question": "What is the hull designation of the USS Minnesota, and what class of submarine is it? How did its commanding officer describe the capabilities of Virginia-class submarines?",
    "answer": "The USS Minnesota has the hull designation SSN-783 and is a Virginia-class submarine. Commanding Officer Jeffrey Cornel described Virginia-class submarines as the world's most advanced warships, providing the capability to operate nuclear-powered, conventionally armed vessels with unlimited endurance limited only by food supplies.",
    "keypoints": {
      "video": [
        "The USS Minnesota flag features the submarine's name and designation SSN-783."
      ],
      "text": [
        "USS Minnesota Commanding Officer Jeffrey Cornel described Virginia-class submarines as the world's most advanced warships, providing the capability to operate nuclear-powered, conventionally armed vessels with unlimited endurance limited only by food supplies."
      ]
    }
  }
]