[
  {
    "question": "How many U.S. Navy personnel will arrive at HMAS Stirling base by mid-year?",
    "answer": "Up to 80.",
    "keypoints": [
      "Australian officials stated that up to 80 U.S. Navy personnel will arrive at HMAS Stirling base by mid-year."
    ]
  },
  {
    "question": "To what level will U.S. Navy personnel numbers at HMAS Stirling increase within two years?",
    "answer": "Hundreds.",
    "keypoints": [
      "U.S. Navy personnel numbers at HMAS Stirling will increase to hundreds within two years, coinciding with the deployment of four Virginia-class submarines like USS Minnesota."
    ]
  },
  {
    "question": "How did USS Minnesota Commanding Officer Jeffrey Cornel describe Virginia-class submarines?",
    "answer": "As the world's most advanced warships, providing nuclear-powered, conventionally armed vessels with unlimited endurance limited only by food supplies.",
    "keypoints": [
      "USS Minnesota Commanding Officer Jeffrey Cornel described Virginia-class submarines as the world's most advanced warships, providing the capability to operate nuclear-powered, conventionally armed vessels with unlimited endurance limited only by food supplies."
    ]
  }
]
