[
  {
    "question": "What label appears on the green cylindrical objects stored in the submarine?",
    "answer": "The green cylindrical objects are labeled 'MOD 7 CBASS'.",
    "keypoints": [
      "Green cylindrical objects labeled \"MOD 7 CBASS\" are stored within the submarine."
    ]
  },
  {
    "question": "What text is displayed on the license plate mounted inside the submarine?",
    "answer": "The license plate reads 'USS MN'.",
    "keypoints": [
      "A license plate reading 'USS MN' is displayed on a wall inside the submarine."
    ]
  }
]