[
  {
    "question": "What warning did U.S. President Joe Biden issue to Israeli Prime Minister Benjamin Netanyahu regarding a military operation in Rafah, and what military presence makes this location strategically significant?",
    "answer": "Biden warned that an Israeli military operation in Rafah would deepen anarchy in Gaza. Rafah is strategically significant because Hamas maintains battalions there.",
    "keypoints": {
      "video": [
        "Biden warns Israeli Prime Minister Benjamin Netanyahu that an Israeli military operation in Rafah will deepen 'anarchy' in Gaza, and the White House says Israel will send a team to Washington to discuss its planned offensive."
      ],
      "text": [
        "Hamas maintains battalions in Rafah."
      ]
    }
  },
  {
    "question": "Following U.S. President Joe Biden's warning about potential anarchy from an Israeli operation in Rafah, what diplomatic step was announced by the White House, and what is Hamas' military foothold in the area?",
    "answer": "The White House announced that Israel will send a team to Washington to discuss its planned offensive. Hamas maintains its battalions in Rafah, establishing a military foothold.",
    "keypoints": {
      "video": [
        "Biden warns Israeli Prime Minister Benjamin Netanyahu that an Israeli military operation in Rafah will deepen 'anarchy' in Gaza, and the White House says Israel will send a team to Washington to discuss its planned offensive."
      ],
      "text": [
        "Hamas maintains battalions in Rafah."
      ]
    }
  }
]