[
  {
    "question": "Why did U.S. President Joe Biden travel to Nevada and Arizona?",
    "answer": "To pitch his case for re-election, as these two political swing states are critical to his bid to stay in the White House.",
    "keypoints": [
      "U.S. President Joe Biden travels to Nevada and Arizona to pitch his case for re-election, with the two political swing states being critical to his bid to stay in the White House."
    ]
  },
  {
    "question": "What did U.S. President Joe Biden warn Israeli Prime Minister Benjamin Netanyahu about regarding Rafah?",
    "answer": "Biden warned that an Israeli military operation in Rafah would deepen 'anarchy' in Gaza.",
    "keypoints": [
      "Biden warns Israeli Prime Minister Benjamin Netanyahu that an Israeli military operation in Rafah will deepen 'anarchy' in Gaza, and the White House says Israel will send a team to Washington to discuss its planned offensive."
    ]
  },
  {
    "question": "What did the White House announce regarding Israel's planned offensive in Rafah?",
    "answer": "Israel will send a team to Washington to discuss its planned offensive.",
    "keypoints": [
      "Biden warns Israeli Prime Minister Benjamin Netanyahu that an Israeli military operation in Rafah will deepen 'anarchy' in Gaza, and the White House says Israel will send a team to Washington to discuss its planned offensive."
    ]
  },
  {
    "question": "What action did the Hong Kong legislature take regarding national security?",
    "answer": "It unanimously passed a new national security law.",
    "keypoints": [
      "The Hong Kong legislature unanimously passes a new national security law, which critics say will further threaten the China-ruled city's freedoms."
    ]
  },
  {
    "question": "What significant monetary policy change did the Bank of Japan implement?",
    "answer": "It raised interest rates for the first time in 17 years, shifting away from decades of massive monetary stimulus focused on reflating growth.",
    "keypoints": [
      "The Bank of Japan raises interest rates for the first time in 17 years, making a shift away from its focus on reflating growth with decades of massive monetary stimulus."
    ]
  }
]