[
  {
    "question": "What is the price of the Aroma Roaster Oven at Walmart?",
    "answer": "The Aroma Roaster Oven is priced at $49.96 at Walmart.",
    "keypoints": [
      "A Walmart store displays various products with price tags such as $49.96 for an Aroma Roaster Oven."
    ]
  },
  {
    "question": "What topics are described in the Twitter profile of 'Roaring Kitty'?",
    "answer": "The Twitter profile of 'Roaring Kitty' includes a description about hunting stocks and live streaming sessions.",
    "keypoints": [
      "The Twitter profile of \"Roaring Kitty\" includes a description about hunting stocks and live streaming sessions."
    ]
  }
]