[
  {
    "question": "What did British Prime Minister Kama call the violent anti-immigration riots that occurred on Sunday?",
    "answer": "British Prime Minister Kama condemned the riots as 'far-right thuggery'.",
    "keypoints": [
      "British Prime Minister Kama condemned violent anti-immigration riots across the UK on Sunday, describing them as \"far-right thuggery\"."
    ]
  },
  {
    "question": "What event triggered violent disorder across several UK cities last week?",
    "answer": "Violent disorder followed misinformation about the murder of three young girls.",
    "keypoints": [
      "Violent disorder swept several UK cities following misinformation about the murder of three young girls last week."
    ]
  }
]
