[
  {
    "question": "Beyond the partial dam collapse, what structural damage occurred in Rio Grande do Sul, and why is a second dam concerning?",
    "answer": "Significant structural damage to buildings occurred, evidenced by debris around a damaged structure. Authorities confirmed a second dam is at risk of failure.",
    "keypoints": {
      "video": [
        "A damaged building with debris scattered around its exterior suggests significant structural damage caused by the flood."
      ],
      "text": [
        "Authorities stated that a second dam in Rio Grande do Sul is also at risk."
      ]
    }
  },
  {
    "question": "How many people remain displaced and unaccounted for in Rio Grande do Sul, and what observed activity indicates ongoing relief coordination?",
    "answer": "Over 32,000 people were displaced and scores remain unaccounted for. A group in black jackets under a red tent suggests possible relief coordination efforts.",
    "keypoints": {
      "video": [
        "A group of individuals wearing black jackets stand under a red tent, possibly coordinating relief efforts or providing assistance to those affected by the disaster."
      ],
      "text": [
        "Scores of people remain unaccounted for due to the storms in Rio Grande do Sul.",
        "More than 32,000 people have been displaced in Rio Grande do Sul according to the state's civil defense authority."
      ]
    }
  }
]