[
  {
    "question": "What is the reported death toll from heavy rains in Rio Grande do Sul, Brazil?",
    "answer": "At least 24 deaths have resulted from the heavy rains.",
    "keypoints": [
      "Heavy rains in Brazil's southernmost state of Rio Grande do Sul have resulted in at least 24 deaths according to local authorities speaking on Saturday."
    ]
  },
  {
    "question": "How many people were displaced by storms in Rio Grande do Sul, Brazil?",
    "answer": "More than 32,000 people have been displaced.",
    "keypoints": [
      "More than 32,000 people have been displaced in Rio Grande do Sul according to the state's civil defense authority."
    ]
  }
]
