[
  {
    "question": "How does the workforce reduction strategy announced by Ford, as indicated by its corporate signage and British flag display, contrast with Volkswagen workers' demands regarding job security?",
    "answer": "Ford announced a 14% reduction of its European workforce (4,000 jobs), primarily in Germany and the UK, while Volkswagen workers demanded guaranteed job security in exchange for cost savings.",
    "keypoints": {
      "video": [
        "Flags, including the British flag and Ford flags, are waving in front of a building."
      ],
      "text": [
        "Volkswagen workers offered to support $1.6 billion in cost savings on Wednesday, but only if the automaker rules out closing plants in its home German market.",
        "Volkswagen rival Ford announced on Wednesday it would shed around 14% of its European workforce, equating to 4,000 job losses."
      ]
    }
  }
]