[
  {
    "question": "What is the name of the initiative restoring photos for flood victims in Spain?",
    "answer": "The initiative is called Save the Pictures.",
    "keypoints": [
      "Photo restorers are preserving memories for victims of Spain's deadly floods last month through an initiative called Save the Pictures."
    ]
  },
  {
    "question": "What is the primary goal of Save the Pictures according to Marissa Vasquez, head of Heritage at Valencia University?",
    "answer": "The initiative aims to safeguard the photographic heritage of local communities affected by the floods.",
    "keypoints": [
      "Marissa Vasquez, head of Heritage at Valencia University, stated the initiative aims to safeguard the photographic heritage of local communities affected by the floods."
    ]
  },
  {
    "question": "Why do flood victims express gratitude to Save the Pictures?",
    "answer": "They lost everything except irreplaceable family photographs like images of grandparents and birthday parties.",
    "keypoints": [
      "Victims contacting Save the Pictures express gratitude because they lost everything except irreplaceable family photographs like images of grandparents and birthday parties."
    ]
  },
  {
    "question": "Why does Anna Pedra Caranel consider photographs more valuable than furniture or appliances?",
    "answer": "Furniture and appliances can be replaced, but the emotional value of the pictures is immeasurable.",
    "keypoints": [
      "Anna Pedra Caranel stated that furniture and appliances can be replaced, but the emotional value of the pictures is immeasurable."
    ]
  }
]
