[
  {
    "question": "What expression was shown on Surgeon Ehor Koda's face in the close-up video, and what was the condition and outcome of the 5-month-old child he was operating on?",
    "answer": "Surgeon Ehor Koda was shown smiling, and the 5-month-old child was unharmed, remained sterilely wrapped, and was later resuscitated and transferred to another hospital for continued surgery.",
    "keypoints": {
      "video": [
        "A close-up shows the man in blue scrubs smiling and looking off to the side."
      ],
      "text": [
        "The 5-month-old child was unharmed and remained sterilely wrapped during the incident.",
        "In the basement, the surgical team resuscitated the infant and transferred it to another medical team for continued surgery at a different hospital."
      ]
    }
  }
]