[
  {
    "question": "How many casualties occurred at OK Maid's Children's Hospital during the attack?",
    "answer": "Two adults were killed and dozens were wounded.",
    "keypoints": [
      "Two adults were killed at OK Maid's Children's Hospital, and dozens were wounded."
    ]
  },
  {
    "question": "What did Russian authorities claim caused the damage to OK Maid's Children's Hospital?",
    "answer": "Russian authorities claimed Ukrainian anti-missile fire struck the hospital, though they provided no evidence.",
    "keypoints": [
      "Russian authorities claimed, without providing evidence, that Ukrainian anti-missile fire struck OK Maid's Children's Hospital."
    ]
  }
]
