[
  {
    "question": "How many workers were previously employed at the La Plata railway construction site and how were shifts distributed?",
    "answer": "Approximately 60 workers were employed across two shifts, with about 30 on the day shift and 30 on the night shift.",
    "keypoints": [
      "The La Plata railway construction site previously employed approximately 60 workers across two shifts, with about 30 on the day shift and 30 on the night shift."
    ]
  },
  {
    "question": "How many workers are currently employed at the La Plata railway construction site?",
    "answer": "Six workers are currently employed due to paralysis of the work.",
    "keypoints": [
      "The La Plata railway construction site currently operates with only six workers due to paralysis of the work."
    ]
  },
  {
    "question": "What economic policy did Argentina's President Javier Milei pledge to implement upon taking office in December 2023?",
    "answer": "Self-described libertarian President Javier Milei pledged to slash public spending to address Argentina's worst economic crisis.",
    "keypoints": [
      "Self-described libertarian President Javier Milei, a right-wing economist who took office in Argentina in December 2023, pledged to slash public spending to address the country's worst economic crisis."
    ]
  },
  {
    "question": "What specific action did President Javier Milei's administration take regarding public infrastructure in Argentina?",
    "answer": "The administration abruptly halted most public infrastructure works, including road repairs and school construction, without prior warning.",
    "keypoints": [
      "President Javier Milei's administration abruptly halted most public infrastructure works across Argentina, including road repairs and school construction, without prior warning."
    ]
  }
]
