[
  {
    "question": "What was the judicial decision regarding Riyad Salameh's detention in the financial crimes investigation?",
    "answer": "A judge ordered Riyad Salameh to remain in detention during the investigation into alleged financial crimes.",
    "keypoints": [
      "A judge ordered Riyad Salameh to remain in detention during an investigation into alleged financial crimes."
    ]
  },
  {
    "question": "What event triggered scrutiny of Riyad Salameh and caused over 80% of Lebanon's population to fall into poverty?",
    "answer": "Lebanon's catastrophic 2019 financial collapse led to scrutiny of Riyad Salameh and plunged over 80% of the population into poverty.",
    "keypoints": [
      "Riyad Salameh faced scrutiny following Lebanon's catastrophic 2019 financial collapse, which plunged over 80% of the population into poverty."
    ]
  },
  {
    "question": "What amount and method are judicial sources attributing to Riyad Salameh's suspected financial crimes?",
    "answer": "Judicial sources suspect Riyad Salameh acquired more than $110 million through financial crimes using Lebanese firm Optimum Invest SAL.",
    "keypoints": [
      "Judicial sources told Reuters that Riyad Salameh is suspected of acquiring more than $110 million through financial crimes using Lebanese firm Optimum Invest SAL."
    ]
  }
]
