[
  {
    "question": "What sustainable transportation initiative did Claudia Sheinbaum implement as mayor of Mexico City, and what specific activity involving an electric bus aligns with this commitment?",
    "answer": "As mayor of Mexico City, Claudia Sheinbaum inaugurated a 100% electric bus line, and a group of people were observed inside an electric bus, possibly inspecting or promoting it as part of sustainable transportation efforts.",
    "keypoints": {
      "video": [
        "A group of people, including a woman in a red dress, are seen inside a bus, possibly inspecting or promoting electric buses as part of a sustainable transportation initiative."
      ],
      "text": [
        "As mayor of Mexico City, Claudia Sheinbaum inaugurated a 100% electric bus line."
      ]
    }
  },
  {
    "question": "According to researcher Luis Huacuja at UNAM, what is Claudia Sheinbaum's stance on environmental priorities and international agreements, and what renewable energy project did she implement as mayor of Mexico City?",
    "answer": "Luis Huacuja stated that environmental issues are a priority for Claudia Sheinbaum and that she agrees with international agreements on environmental issues and renewable energies. As mayor, she installed a rooftop solar project at a busy central market.",
    "keypoints": {
      "video": [
        "Luis Huacuja, a researcher at UNAM, mentions that environmental issues are a priority for Claudia Sheinbaum and she agrees with international agreements on environmental issues and renewable energies."
      ],
      "text": [
        "As mayor of Mexico City, Claudia Sheinbaum installed a rooftop solar project at a busy central market."
      ]
    }
  },
  {
    "question": "What renewable energy pledge did Claudia Sheinbaum make during her presidential campaign, and what challenge regarding Mexico's state energy companies was highlighted by Miriam Grunstein of Brilliant Energy Consulting?",
    "answer": "Claudia Sheinbaum pledged to increase renewable energy in Mexico by up to 50% by 2030. Miriam Grunstein stated that six years is insufficient to transform Mexico's fossil fuel-dependent state energy companies Pemex and CFE.",
    "keypoints": {
      "video": [
        "Miriam Grunstein from Brilliant Energy Consulting discusses Claudia Sheinbaum's green challenge, stating that six years is not enough to transform national oil and electricity companies."
      ],
      "text": [
        "Claudia Sheinbaum campaigned on a pledge to increase renewable energy in Mexico by as much as 50% by the end of her term in 2030."
      ]
    }
  }
]