[
  {
    "question": "What historic achievement did Claudia Sheinbaum accomplish in Mexico's presidential election?",
    "answer": "Claudia Sheinbaum was elected as Mexico's first woman president by a sweeping margin.",
    "keypoints": [
      "Claudia Sheinbaum was elected as Mexico's first woman president by a sweeping margin."
    ]
  },
  {
    "question": "What renewable energy target did Claudia Sheinbaum pledge to achieve by 2030?",
    "answer": "Claudia Sheinbaum campaigned on a pledge to increase renewable energy in Mexico by as much as 50% by the end of her term in 2030.",
    "keypoints": [
      "Claudia Sheinbaum campaigned on a pledge to increase renewable energy in Mexico by as much as 50% by the end of her term in 2030."
    ]
  }
]
