[
  {
    "question": "What text was displayed on screen during Claudia Sheinbaum's event?",
    "answer": "The text displayed was: 'Can Claudia Sheinbaum, a climate scientist, shake up Mexico's oil legacy?'",
    "keypoints": [
      "Claudia Sheinbaum, a climate scientist, is addressing a large crowd at an event with the text 'Can Claudia Sheinbaum, a climate scientist, shake up Mexico's oil legacy?' displayed on screen."
    ]
  },
  {
    "question": "According to Miriam Grunstein of Brilliant Energy Consulting, why is six years insufficient for Claudia Sheinbaum's green challenge?",
    "answer": "Six years is insufficient because it is not enough time to transform Mexico's national oil and electricity companies.",
    "keypoints": [
      "Miriam Grunstein from Brilliant Energy Consulting discusses Claudia Sheinbaum's green challenge, stating that six years is not enough to transform national oil and electricity companies."
    ]
  },
  {
    "question": "What did Luis Huacuja from UNAM identify as Claudia Sheinbaum's priority regarding environmental policy?",
    "answer": "Luis Huacuja stated that environmental issues are a priority for Claudia Sheinbaum.",
    "keypoints": [
      "Luis Huacuja, a researcher at UNAM, mentions that environmental issues are a priority for Claudia Sheinbaum and she agrees with international agreements on environmental issues and renewable energies."
    ]
  }
]