[
  {
    "question": "What shipping company's container ship was shown being loaded at a port, and what two primary factors are driving retailers to accelerate holiday product shipments to the United States?",
    "answer": "The container ship labeled 'MOL' was shown being loaded. Retailers are accelerating shipments due to a potential port worker strike starting in October and ongoing Red Sea disruptions.",
    "keypoints": {
      "video": [
        "A container ship labeled 'MOL' is docked at a port, with cranes actively loading and unloading containers."
      ],
      "text": [
        "Retailers are accelerating product shipments to the United States for the holiday season due to a potential Port worker strike starting in October and ongoing Red Sea disruptions."
      ]
    }
  },
  {
    "question": "What types of products are shown being browsed by shoppers in a retail store, and what organization reported that companies are importing these categories for consumers shopping earlier due to holiday season compression?",
    "answer": "Shoppers are browsing toys and household items. The National Retail Federation reported companies are importing toys, home goods, and consumer electronics for earlier shopping due to a compressed holiday season.",
    "keypoints": {
      "video": [
        "Shoppers browse various products in a retail store, including toys and household items displayed on shelves."
      ],
      "text": [
        "The National Retail Federation stated that companies importing toys, home goods, and consumer electronics are catering to consumers shopping for gifts earlier."
      ]
    }
  },
  {
    "question": "What disruptive event was shown occurring on a cargo ship in open waters, and how does this relate to the factors causing increased container imports and freight rates?",
    "answer": "An explosion occurred on a cargo ship, emitting smoke and debris. Such disruptions contribute to the surge in container imports and freight rates, as retailers accelerate shipments to mitigate risks like Red Sea incidents and potential strikes.",
    "keypoints": {
      "video": [
        "An explosion occurs on a cargo ship in open waters, emitting smoke and debris."
      ],
      "text": [
        "Retailers are accelerating product shipments to the United States for the holiday season due to a potential Port worker strike starting in October and ongoing Red Sea disruptions."
      ]
    }
  }
]