[
  {
    "question": "Why are retailers accelerating product shipments to the United States for the holiday season?",
    "answer": "Due to a potential Port worker strike starting in October and ongoing Red Sea disruptions.",
    "keypoints": [
      "Retailers are accelerating product shipments to the United States for the holiday season due to a potential Port worker strike starting in October and ongoing Red Sea disruptions."
    ]
  },
  {
    "question": "What percentage of global trade is handled by the ocean shipping industry?",
    "answer": "About 80% of global trade is handled by the ocean shipping industry.",
    "keypoints": [
      "Container imports and freight rates surged last month, signaling an earlier-than-usual peak season for the ocean shipping industry that handles about 80% of global trade."
    ]
  }
]
