[
  {
    "question": "How did the S&P 500, NASDAQ, and Dow Jones Industrial Average perform at Tuesday's market close?",
    "answer": "The S&P 500 and NASDAQ closed lower, while the Dow Jones Industrial Average gained half a percent.",
    "keypoints": [
      "The S&P 500 and NASDAQ closed lower on Tuesday, while the Dow Jones Industrial Average gained half a percent."
    ]
  },
  {
    "question": "What were the specific percentage losses for the S&P 500 and NASDAQ Composite on Tuesday?",
    "answer": "The S&P 500 index lost half a percent, and the NASDAQ Composite index shed approximately 1.3%.",
    "keypoints": [
      "The S&P 500 index lost half a percent, and the NASDAQ Composite index shed approximately 1.3%."
    ]
  }
]
