[
  {
    "question": "What actions did South Korean military personnel take to manage balloon debris near the presidential office, and what was the presidential security service's assessment of the objects' risk level?",
    "answer": "South Korean military personnel collected debris from plastic bags at night and loaded items into green military vehicles near the presidential office, and the presidential security service confirmed the objects within the balloons contained no contaminants or safety risks.",
    "keypoints": {
      "video": [
        "Military personnel collect debris from a plastic bag at night.",
        "Soldiers load items into a green military vehicle."
      ],
      "text": [
        "South Korea's presidential security service reported trash-carrying North Korean balloons landed near the presidential office on Wednesday.",
        "The objects within the balloons contained no contaminants or other risks according to the presidential security service."
      ]
    }
  }
]