[
  {
    "question": "What total compensation did Microsoft CEO Satya Nadella receive for fiscal year 2024 while seen speaking on stage, and what form constituted a substantial portion of this compensation?",
    "answer": "Microsoft CEO Satya Nadella received $79.1 million in total compensation for fiscal year 2024, aided by substantial stock awards.",
    "keypoints": {
      "video": [
        "A man in a suit stands on stage, gesturing as he speaks."
      ],
      "text": [
        "Microsoft CEO Satya Nadella received $79.1 million in total compensation for fiscal year 2024, aided by substantial stock awards."
      ]
    }
  }
]