[
  {
    "question": "By how much did Tesla's stock market value increase on Thursday and what record did this gain set?",
    "answer": "Tesla's stock market value increased by $80 billion on Thursday, marking its biggest single-day gain in over a decade.",
    "keypoints": [
      "Tesla's stock market value increased by $80 billion on Thursday, marking its biggest single-day gain in over a decade."
    ]
  },
  {
    "question": "What quarterly results did Tesla report and what sales projection did it provide for the next year?",
    "answer": "Tesla reported a robust quarterly profit and projected 20% to 30% sales growth for the next year.",
    "keypoints": [
      "Tesla reported a robust quarterly profit and projected 20% to 30% sales growth for the next year."
    ]
  },
  {
    "question": "What offer did striking Boeing workers reject and what are their specific demands?",
    "answer": "Striking Boeing workers rejected a 35% wage increase offer and are demanding a 40% raise along with restoration of a defined benefit pension plan.",
    "keypoints": [
      "Striking Boeing workers rejected a 35% wage increase offer, demanding instead a 40% raise and restoration of a defined benefit pension plan."
    ]
  }
]
