[
  {
    "question": "What is the title of the play advertised in the poster featuring actors in costumes, and what three purposes do the performances serve for Lee Kyung and the other mothers?",
    "answer": "The play is titled '4.16 Family Group: Continuation, Extreme,' and the performances serve to remember their children, mourn, and demand justice and answers for the Sewol ferry disaster.",
    "keypoints": {
      "video": [
        "A poster advertises a play titled '4.16 Family Group: Continuation, Extreme,' featuring a group of actors dressed in various costumes performing on stage."
      ],
      "text": [
        "Lee Kyung and six other mothers who lost children perform theater to remember their children, mourn, and demand justice and answers."
      ]
    }
  }
]