[
  {
    "question": "What German slogans were displayed on protest banners during the Volkswagen strike demonstrations indicating worker readiness, and what condition did the IG Metall Union set for accepting any agreement with management?",
    "answer": "One banner read \"HIER SIND DIE NUTZIS AUS HANNOVER! WIR SIND STREIKBEREIT!\" and another read \"B2 IST KAMPFBEREIT!\". The IG Metall Union required any agreement to include a clear long-term strategy for every Volkswagen plant in Germany.",
    "keypoints": {
      "video": [
        "A large group of protesters march through a city street, holding red flags and banners with German text that reads \"HIER SIND DIE NUTZIS AUS HANNOVER! WIR SIND STREIKBEREIT!\".",
        "Protesters carry a banner with the text \"B2 IST KAMPFBEREIT!\" featuring cartoon characters and imagery related to labor disputes."
      ],
      "text": [
        "The IG Metall Union vowed to oppose any deal lacking a clear long-term strategy for every Volkswagen plant in Germany."
      ]
    }
  },
  {
    "question": "What demand by Volkswagen management prompted workers to chant slogans and raise fists in solidarity during demonstrations, and what alternative cost-saving proposal did the IG Metall Union offer?",
    "answer": "Volkswagen management demanded a 10% wage cut, prompting the solidarity actions. The IG Metall Union proposed forgoing bonuses in 2025 and 2026 to save Volkswagen €1.6 billion.",
    "keypoints": {
      "video": [
        "The crowd chants slogans and raises their fists in solidarity as they march along a road lined with residential buildings and trees."
      ],
      "text": [
        "Volkswagen management is demanding a 10% wage cut to reduce costs and protect market share amid falling profits.",
        "The IG Metall Union opposes the wage cuts and instead offered to forgo bonuses in 2025 and 2026 to save Volkswagen €1.6 billion."
      ]
    }
  }
]