[
  {
    "question": "When will Volkswagen negotiations resume according to Daniela Cavallo?",
    "answer": "Daniela Cavallo, head of Volkswagen's Works Council, stated that negotiations will resume on December 9th.",
    "keypoints": [
      "Daniela Cavallo, head of Volkswagen's Works Council, stated that negotiations will resume on December 9th."
    ]
  },
  {
    "question": "What wage reduction is Volkswagen management demanding to reduce costs?",
    "answer": "Volkswagen management is demanding a 10% wage cut to reduce costs and protect market share amid falling profits.",
    "keypoints": [
      "Volkswagen management is demanding a 10% wage cut to reduce costs and protect market share amid falling profits."
    ]
  },
  {
    "question": "What alternative did the IG Metall Union propose instead of wage cuts?",
    "answer": "The IG Metall Union offered to forgo bonuses in 2025 and 2026 to save Volkswagen €1.6 billion.",
    "keypoints": [
      "The IG Metall Union opposes the wage cuts and instead offered to forgo bonuses in 2025 and 2026 to save Volkswagen €1.6 billion."
    ]
  }
]
