[
  {
    "question": "What text and imagery appeared on the labor dispute banner carried by protesters?",
    "answer": "The banner featured the text 'B2 IST KAMPFBEREIT!' along with cartoon characters and imagery related to labor disputes.",
    "keypoints": [
      "Protesters carry a banner with the text 'B2 IST KAMPFBEREIT!' featuring cartoon characters and imagery related to labor disputes."
    ]
  },
  {
    "question": "What phrase was printed on the back of a protester's red vest?",
    "answer": "The red vest had the words 'Wir streiken' printed on the back, meaning 'We are on strike'.",
    "keypoints": [
      "A person wears a red vest with the words 'Wir streiken' printed on the back while participating in the demonstration."
    ]
  }
]