[
  {
    "question": "How does the 'Deferred Resignation Email to Federal Employees' dated January 28, 2025, relate to the Trump Administration's workforce reduction strategy, and how many federal workers accepted the buyout program?",
    "answer": "The email outlines a deferred resignation program that supports the Trump Administration's strategy to reduce the civilian workforce. Approximately 75,000 federal workers accepted the buyout program.",
    "keypoints": {
      "video": [
        "A document titled 'Deferred Resignation Email to Federal Employees' dated January 28, 2025, outlines a deferred resignation program for federal employees."
      ],
      "text": [
        "The Trump Administration is pursuing strategies to reduce the civilian workforce of 2.3 million, including widespread firings.",
        "Approximately 75,000 federal workers accepted President Donald Trump's deferred buyout program, according to the U.S. Office of Personnel Management."
      ]
    }
  }
]