[
  {
    "question": "What is the current size of the civilian workforce targeted for reduction by the Trump Administration?",
    "answer": "The Trump Administration is pursuing strategies to reduce the civilian workforce of 2.3 million.",
    "keypoints": [
      "The Trump Administration is pursuing strategies to reduce the civilian workforce of 2.3 million, including widespread firings."
    ]
  },
  {
    "question": "What deadline did the Trump administration set for voluntary departures under its buyout program?",
    "answer": "The administration promised to pay workers who voluntarily left their jobs through September 30th.",
    "keypoints": [
      "The administration promised to pay workers who voluntarily left their jobs through September 30th, and a judge allowed the plan to proceed earlier this week."
    ]
  },
  {
    "question": "Why did Constantine Kiraku from the Department of State plan to take the buyout?",
    "answer": "He planned to take the buyout after his family moved away from Washington D.C. due to his wife losing her job at the U.S. Agency for International Development.",
    "keypoints": [
      "Constantine Kiraku, an employee of the Department of State, planned to take the buyout after his family moved away from Washington D.C. due to his wife losing her job at the U.S. Agency for International Development."
    ]
  }
]
