[
  {
    "question": "Following GameStop Corp.'s board decision to add Bitcoin as a treasury reserve asset, what was the company's stock performance during the regular session and in extended trading on Tuesday?",
    "answer": "During the regular session, GameStop Corp.'s stock closed at $25.40, down 0.82%, but climbed 6% in extended trading.",
    "keypoints": {
      "video": [
        "GameStop's stock price is shown as $25.40, with a decrease of 0.82%."
      ],
      "text": [
        "GameStop Corp. shares, down at the market close, climbed 6% in extended trading after its board unanimously approved adding Bitcoin as a treasury reserve asset."
      ]
    }
  }
]