[
  {
    "question": "At the Point Defiance Zoo & Aquarium in Tacoma, Washington, what specific health assessment procedures did Head Veterinarian Karen Wolf discuss during the annual examination of a young polar bear, and what were the results?",
    "answer": "Karen Wolf discussed procedures to identify lumps, bumps, masses, or enlarged lymph nodes indicating ill health. The examination found no health issues, confirming the bear was in optimal condition.",
    "keypoints": {
      "video": [
        "Karen Wolf, identified as the Head Veterinarian at the Point Defiance Zoo & Aquarium, speaks about the procedures being carried out during the examination."
      ],
      "text": [
        "The physical exam aimed to identify lumps, bumps, masses, or enlarged lymph nodes indicating ill health.",
        "No health issues were found during Larica's physical exam.",
        "Larica is in optimal health condition."
      ]
    }
  },
  {
    "question": "According to Polar Bears International, why are polar bear populations declining, and how does the increased time spent on land impact their food acquisition?",
    "answer": "Polar bear populations are declining due to Arctic warming threatening their habitat. Increased time on land prevents polar bears from finding sufficient food because it reduces their hunting opportunities.",
    "keypoints": {
      "video": [
        "Polar bear numbers are dwindling due to warming in the Arctic that threatens their traditional habitat, according to information provided by Polar Bears International."
      ],
      "text": [
        "Polar bears are not finding enough food due to the increased time spent on land."
      ]
    }
  }
]