[
  {
    "question": "What procedure did Larica, the three-year-old female polar bear, undergo for her annual checkup?",
    "answer": "Larica underwent anesthesia for her routine annual physical exam.",
    "keypoints": [
      "Larica, a three-year-old female polar bear, underwent anesthesia for her routine annual physical exam."
    ]
  },
  {
    "question": "What were the health findings from Larica's physical exam?",
    "answer": "No health issues were found during Larica's physical exam.",
    "keypoints": [
      "No health issues were found during Larica's physical exam."
    ]
  }
]
