[
  {
    "question": "Who is the Head Veterinarian at Point Defiance Zoo & Aquarium?",
    "answer": "Karen Wolf.",
    "keypoints": [
      "Karen Wolf, identified as the Head Veterinarian at the Point Defiance Zoo & Aquarium, speaks about the procedures being carried out during the examination."
    ]
  },
  {
    "question": "Why are polar bear populations declining?",
    "answer": "Due to Arctic warming threatening their traditional habitat.",
    "keypoints": [
      "Polar bear numbers are dwindling due to warming in the Arctic that threatens their traditional habitat, according to information provided by Polar Bears International."
    ]
  }
]