[
  {
    "question": "What specific burial procedures were observed for flood victims in Donja Jablanica, Bosnia and Herzegovina, and how did residents respond to an individual discovered during the flooding?",
    "answer": "Mourners carried green coffins through the cemetery, lowered them into graves, and filled the graves with soil. Residents responded to a man discovered during the flooding by bringing him inside their house and attempting to provide assistance.",
    "keypoints": {
      "video": [
        "Men carry green coffins through a cemetery and lower them into graves as mourners watch solemnly.",
        "People are seen filling graves with soil using shovels after the coffins have been placed."
      ],
      "text": [
        "The occupants of the house brought the man inside.",
        "The occupants attempted to help the man."
      ]
    }
  }
]