[
  {
    "question": "How many villagers were buried in Donja Jablanica, Bosnia and Herzegovina, following the natural disaster?",
    "answer": "19 villagers were buried following deadly flash flooding and landslides.",
    "keypoints": [
      "Bosnians bury 19 villagers following deadly flash flooding and landslides in Donja Jablanica, Bosnia and Herzegovina."
    ]
  }, {
    "question": "What action was taken after placing the coffins in the graves during the Donja Jablanica burial?",
    "answer": "People filled the graves with soil using shovels.",
    "keypoints": [
      "People are seen filling graves with soil using shovels after the coffins have been placed."
    ]
  }
]