[
  {
    "question": "On what date were the bodies of humanitarian aid workers transported from Gaza following the Israeli airstrike, and what were their nationalities?",
    "answer": "The bodies were transported from Gaza on April 3, 2024, and the aid workers were British, American, Australian, and Polish nationals.",
    "keypoints": {
      "video": [
        "The bodies of aid workers killed by an Israeli airstrike are transported from Gaza on April 3, 2024."
      ],
      "text": [
        "Three British, American, Australian, and Polish nationals working as humanitarian aid workers were killed in a missile strike."
      ]
    }
  }
]