[
  {
    "question": "What are some autocomplete suggestions that appear when typing 'japanese' in the Amazon search bar?",
    "answer": "When typing 'japanese' in the Amazon search bar, suggestions include 'japanese cat', 'japanese candy', and 'amazon home'.",
    "keypoints": [
      "The Amazon search bar displays suggestions such as \"japanese cat,\" \"japanese candy,\" and \"amazon home\" when typing \"japanese."
    ]
  },
  {
    "question": "What are some voice command examples shown with the Amazon Echo instructional cards?",
    "answer": "The Amazon Echo instructional cards show voice command examples such as \"Alexa, movie time\" and \"Alexa, turn on the TV\".",
    "keypoints": [
      "An Amazon Echo device is shown alongside instructional cards with commands like \"Alexa, movie time\" and \"Alexa, turn on the TV."
    ]
  }
]