[
  {
    "question": "What adjustment did Boeing make to its $10 billion annual cash flow target timeline?",
    "answer": "Boeing pushed back its target to achieve about $10 billion in annual cash flow by 2025 or 2026.",
    "keypoints": [
      "Boeing pushed back its target to achieve about $10 billion in annual cash flow by 2025 or 2026."
    ]
  },
  {
    "question": "How does Boeing's 737 production rate compare to the Federal Aviation Administration's monthly limit?",
    "answer": "Boeing will produce fewer than the maximum 38 Boeing 737 aircraft allowed per month under the FAA-imposed limit.",
    "keypoints": [
      "Boeing will produce fewer than the maximum 38 Boeing 737 aircraft allowed per month under the limit imposed by the Federal Aviation Administration."
    ]
  },
  {
    "question": "Why is manufacturing quality at Boeing and Spirit AeroSystems under scrutiny?",
    "answer": "Manufacturing quality faces scrutiny following a January incident.",
    "keypoints": [
      "Manufacturing quality at Boeing and major supplier Spirit AeroSystems faces scrutiny following a January incident."
    ]
  }
]
