[

  {
    "question": "What are the private credit AUM figures for HPS Investment Partners and BlackRock's existing platform, and how does acquiring HPS position BlackRock in the projected private credit market growth?",
    "answer": "HPS Investment Partners has $123 billion in private credit AUM, and BlackRock has an $85 billion existing private credit platform. The acquisition expands BlackRock's presence in the private credit market, which is projected to grow to $2.6 trillion by 2029.",
    "keypoints": {
      "video": [
        "A graphic displays key statistics about HPS: $22bn in public credit AUM, $123bn in private credit AUM, 252 investment professionals, 760+ total employees, 80%+ institutional investor base, and 14 offices globally."
      ],
      "text": [
        "The acquisition expands BlackRock into the private credit market, an asset class expected to grow to $2.6 trillion by 2029.",
        "BlackRock manages $11.5 trillion in assets and has an $85 billion existing private credit platform."
      ]
    }
  }
]