[
  {
    "question": "What did BlackRock's CEO Larry Fink announce on Tuesday?",
    "answer": "Larry Fink announced BlackRock's $12 billion all-stock acquisition of private credit firm HPS Investment Partners.",
    "keypoints": [
      "Larry Fink announced BlackRock's $12 billion all-stock acquisition of private credit firm HPS Investment Partners on Tuesday."
    ]
  },
  {
    "question": "What new business area does the HPS Investment Partners acquisition enable BlackRock to enter?",
    "answer": "The acquisition expands BlackRock into the private credit market.",
    "keypoints": [
      "The acquisition expands BlackRock into the private credit market, an asset class expected to grow to $2.6 trillion by 2029."
    ]
  },
  {
    "question": "What is the projected size of the private credit market by 2029?",
    "answer": "The private credit market is expected to grow to $2.6 trillion by 2029.",
    "keypoints": [
      "The acquisition expands BlackRock into the private credit market, an asset class expected to grow to $2.6 trillion by 2029."
    ]
  },
  {
    "question": "How is private credit defined?",
    "answer": "Private credit involves institutions other than banks lending to companies.",
    "keypoints": [
      "Private credit involves institutions other than banks lending to companies and has boomed due to stricter regulations making bank financing for riskier loans costlier."
    ]
  }
]
