[
  {
    "question": "When did the principals and employees of HPS acquire the firm from Highbridge and J.P. Morgan Asset Management?",
    "answer": "The acquisition occurred in March 2016.",
    "keypoints": [
      "A document states that in March 2016, the principals and employees of HPS acquired the firm from Highbridge and J.P. Morgan Asset Management."
    ]
  },
  {
    "question": "What is the amount of public credit assets under management (AUM) for HPS?",
    "answer": "HPS has $22 billion in public credit assets under management.",
    "keypoints": [
      "A graphic displays key statistics about HPS: $22bn in public credit AUM, $123bn in private credit AUM, 252 investment professionals, 760+ total employees, 80%+ institutional investor base, and 14 offices globally."
    ]
  },
  {
    "question": "What is the private credit assets under management (AUM) for HPS?",
    "answer": "HPS manages $123 billion in private credit assets.",
    "keypoints": [
      "A graphic displays key statistics about HPS: $22bn in public credit AUM, $123bn in private credit AUM, 252 investment professionals, 760+ total employees, 80%+ institutional investor base, and 14 offices globally."
    ]
  },
  {
    "question": "What percentage of HPS's investor base consists of institutional investors?",
    "answer": "Over 80% of HPS's investor base is institutional.",
    "keypoints": [
      "A graphic displays key statistics about HPS: $22bn in public credit AUM, $123bn in private credit AUM, 252 investment professionals, 760+ total employees, 80%+ institutional investor base, and 14 offices globally."
    ]
  }
]