[
  {
    "question": "What did George Calone, portfolio manager at Penn Mutual Asset Management, state about market expectations for Nvidia's Wednesday report?",
    "answer": "He stated the market expects roughly doubled sales and a 140% increase in earnings per share.",
    "keypoints": [
      "George Calone, portfolio manager at Penn Mutual Asset Management, stated the market expects Nvidia's Wednesday report to show roughly doubled sales and a 140% increase in earnings per share."
    ]
  },
  {
    "question": "What did Calone note about Nvidia's historical sales performance?",
    "answer": "Calone noted Nvidia has delivered strong sales growth quarter after quarter.",
    "keypoints": [
      "Calone noted Nvidia has delivered strong sales growth quarter after quarter."
    ]
  }
]
