[
  {
    "question": "What was NVIDIA's stock price and daily percentage increase?",
    "answer": "NVIDIA's stock price was $128.30 with a 1.46% increase.",
    "keypoints": [
      "NVIDIA's stock price is shown as $128.30 with an increase of 1.46%, indicating positive market performance."
    ]
  },
  {
    "question": "What was Google Alphabet's stock price and daily percentage change?",
    "answer": "Google Alphabet's stock price was $166.38 with a 0.92% decrease.",
    "keypoints": [
      "Google Alphabet's stock price is listed as $166.38 with a decrease of 0.92%, reflecting its market status."
    ]
  },
  {
    "question": "What was Amazon's stock price and daily percentage decline?",
    "answer": "Amazon's stock price was $173.12 with a 1.36% decline.",
    "keypoints": [
      "Amazon's stock price is noted as $173.12 with a decline of 1.36%, showing its current market value."
    ]
  },
  {
    "question": "What was Tesla's stock price and daily percentage drop?",
    "answer": "Tesla's stock price was $209.21 with a 1.88% drop.",
    "keypoints": [
      "Tesla's stock price is reported as $209.21 with a drop of 1.88%, highlighting its recent market trend."
    ]
  },
  {
    "question": "What was Super Micro Computer's stock price and daily percentage decrease?",
    "answer": "Super Micro Computer's stock price was $547.64 with a 2.64% decrease.",
    "keypoints": [
      "Super Micro Computer's stock price is displayed as $547.64 with a significant decrease of 2.64%, indicating a notable change in its market position."
    ]
  },
  {
    "question": "What was Paramount Global's stock price and daily percentage decline?",
    "answer": "Paramount Global's stock price was $10.52 with a 7.15% decline.",
    "keypoints": [
      "Paramount Global PARA's stock price is shown as $10.52 with a substantial decline of 7.15%, reflecting its market performance."
    ]
  }
]