[
  {
    "question": "What change in grape harvest timing have Hungarian winemakers experienced, and what do the visual conditions during harvesting suggest about the climate?",
    "answer": "Hungarian winemakers are harvesting grapes up to a month earlier than usual, with the visuals of workers harvesting under bright sunlight and close-ups of grapes being processed indicating hot and dry conditions during the harvest period.",
    "keypoints": {
      "video": [
        "Workers are harvesting grapes in a vineyard under bright sunlight, using both manual and mechanical methods.",
        "A close-up shot shows green grapes being poured into a container during the harvest process."
      ],
      "text": [
        "Hungarian winemakers are harvesting grapes up to a month earlier than usual."
      ]
    }
  }
]