[
  {
    "question": "How much earlier than usual are Hungarian winemakers harvesting grapes?",
    "answer": "Up to one month earlier than usual.",
    "keypoints": [
      "Hungarian winemakers are harvesting grapes up to a one month earlier than usual."
    ]
  },
  {
    "question": "What temperature record did a recent July set in Hungary?",
    "answer": "It was Hungary's hottest month since temperature tracking began in 1901.",
    "keypoints": [
      "July was Hungary's hottest month since temperature tracking began in 1901."
    ]
  }
]
