[
  {
    "question": "What two major challenges does Stellantis face in the automotive industry, and how do these relate to the Volkswagen logo displayed near a river?",
    "answer": "Stellantis faces challenges including soft global demand for electric vehicles and increased competition from Chinese rivals, similar to Volkswagen's restructuring efforts indicated by its prominent logo display.",
    "keypoints": {
      "video": [
        "The Volkswagen logo is prominently displayed on a brick building near a river."
      ],
      "text": [
        "Stellantis faces broader industry challenges including soft global demand, especially for electric vehicles, and technological transition difficulties.",
        "Stellantis faces increased competition from Chinese rivals.",
        "Volkswagen, Europe's biggest automaker, is assessing plans to shut at least three factories in Germany."
      ]
    }
  }
]