[
  {
    "question": "How has Germany's economic performance compared to other Eurozone countries since 2018?",
    "answer": "Germany has underperformed relative to its Eurozone peers since 2018.",
    "keypoints": [
      "Germany underperformed Eurozone peers since 2018."
    ]
  },
  {
    "question": "What manufacturing changes has Volkswagen announced for its operations in Germany?",
    "answer": "Volkswagen plans to shut factories in Germany.",
    "keypoints": [
      "Volkswagen plans to shut factories in Germany."
    ]
  },
  {
    "question": "Why did Germany's governing coalition collapse last week?",
    "answer": "The coalition collapsed after months of wrangling over budget policy and economic direction.",
    "keypoints": [
      "Germany's governing coalition collapsed last week after months of wrangling over budget policy and economic direction."
    ]
  },
  {
    "question": "Which sector in Germany has untapped growth potential according to industry experts?",
    "answer": "Germany is overlooking untapped growth potential in its services sector.",
    "keypoints": [
      "According to Reuters interviews with 12 executives, entrepreneurs, and economists, Germany is overlooking untapped growth potential in its services sector."
    ]
  },
  {
    "question": "What was the growth rate of Germany's services sector in the first half of this year?",
    "answer": "Germany's services sector grew 1.6% in the first half of this year compared to a year ago.",
    "keypoints": [
      "Germany's services sector, ranging from hospitality to finance, grew 1.6% in the first half of this year compared to a year ago."
    ]
  },
  {
    "question": "By what percentage did Germany's manufacturing sector contract in the first half of this year?",
    "answer": "Germany's manufacturing sector contracted by 2.88% in the first half of this year.",
    "keypoints": [
      "Germany's manufacturing sector contracted by 2.88% in the first half of this year."
    ]
  }
]
