[
  {
    "question": "What was Spotify Technology S.A.'s stock price and percentage change during Tuesday's trading session, how much did it rise in after-hours trading, and what was the company's forecast for fourth-quarter profit?",
    "answer": "Spotify Technology S.A.'s stock was priced at $419.39 with a 2.24% gain during Tuesday's trading session. It rose an additional 8% in after-hours trading, and the company forecast fourth-quarter profit above Wall Street estimates, betting on cost cuts and strong subscriber growth.",
    "keypoints": {
      "video": [
        "The New York Stock Exchange building is shown with the Spotify logo and text 'SPOTIFY SPOT $419.39 ▲2.24%' superimposed."
      ],
      "text": [
        "Spotify Technology S.A. shares gained more than 2% at the close and rose another 8% in after-hours trading.",
        "Spotify Technology S.A. forecast fourth-quarter profit above Wall Street estimates, betting on cost cuts and strong subscriber growth."
      ]
    }
  }
]