[
  {
    "question": "What were investors betting on to boost equities before Tuesday's market movement?",
    "answer": "Investors bet on an equity boost from President-elect Donald Trump's proposed tax cuts and easier regulatory policies.",
    "keypoints": [
      "Investors previously bet on an equity boost from President-elect Donald Trump's proposed tax cuts and easier regulatory policies."
    ]
  },
  {
    "question": "According to Mike Musio, president of FBB Capital Partners, what partially caused Tuesday's market dip?",
    "answer": "Mike Musio attributed Tuesday's market dip partly to profit-taking.",
    "keypoints": [
      "Mike Musio, president of FBB Capital Partners, attributed Tuesday's dip partly to profit-taking."
    ]
  },
  {
    "question": "How much did Tesla Inc. shares fall on Tuesday?",
    "answer": "Tesla Inc. shares fell more than 6% on Tuesday.",
    "keypoints": [
      "Tesla Inc. shares fell more than 6% on Tuesday after rising nearly 40% since election day."
    ]
  }
]
