[
  {
    "question": "What are the living conditions of displaced populations in Sudan as depicted in aerial views of settlements and migration convoys, and what event caused this displacement crisis?",
    "answer": "Displaced populations live in densely packed informal camps and migrate with belongings due to conflict, having been forced from their lands under bombardments while cut off from aid. The crisis was caused by fighting that broke out in Khartoum in April 2023, creating the world's largest displacement event.",
    "keypoints": {
      "video": [
        "An aerial view shows a large settlement with numerous small structures densely packed together, suggesting a refugee or informal housing camp.",
        "Vehicles loaded with belongings travel along a dirt road, suggesting displacement or migration of individuals and families."
      ],
      "text": [
        "Affected populations are displaced from their lands, living under bombardments, and cut off from humanitarian aid.",
        "The conflict forced millions to flee, creating the world's largest displacement crisis."
      ]
    }
  },
  {
    "question": "What critical health condition affects millions of Sudanese children as shown in healthcare settings, and what outcome is projected without improved aid access?",
    "answer": "Approximately 3.6 million Sudanese children are acutely malnourished, as depicted in healthcare facilities where they receive treatment. Without improved aid access, these children are projected to succumb to disease and malnutrition.",
    "keypoints": {
      "video": [
        "Healthcare workers wearing purple gloves administer medical care to children seated on the laps of adults in a crowded indoor setting."
      ],
      "text": [
        "This includes 3.6 million children who are acutely malnourished.",
        "They also warned children will succumb to disease and malnutrition without improved aid access."
      ]
    }
  },
  {
    "question": "What event in April 2023 caused the urban destruction depicted by smoke billowing from a city area in Sudan, and what were the underlying tensions?",
    "answer": "Fighting that broke out in Khartoum in April 2023 caused urban destruction visible as smoke billowing from affected areas. The conflict stemmed from long-simmering tensions over integrating the paramilitary Rapid Support Forces with the Sudanese Army.",
    "keypoints": {
      "video": [
        "Smoke billows from an urban area near a river, indicating a significant fire or industrial incident affecting the cityscape."
      ],
      "text": [
        "Fighting broke out in Khartoum in April 2023 and quickly spread across Sudan.",
        "The war broke out as long-simmering tensions over integrating the paramilitary Rapid Support Forces with the Sudanese Army came to a head."
      ]
    }
  }
]