[
  {
    "question": "What risk do United Nations agencies say the people of Sudan currently face?",
    "answer": "United Nations agencies state that the people face an imminent risk of famine.",
    "keypoints": [
      "United Nations agencies stated on Friday that the people of Sudan face an imminent risk of famine."
    ]
  },
  {
    "question": "How many people in Sudan are currently experiencing hunger?",
    "answer": "Approximately 18 million people in Sudan are experiencing hunger.",
    "keypoints": [
      "Approximately 18 million people in Sudan are already experiencing hunger."
    ]
  },
  {
    "question": "How many children in Sudan are acutely malnourished?",
    "answer": "3.6 million children in Sudan are acutely malnourished.",
    "keypoints": [
      "This includes 3.6 million children who are acutely malnourished."
    ]
  },
  {
    "question": "What conditions are affected populations in Sudan experiencing?",
    "answer": "Affected populations are displaced from their lands, living under bombardments, and cut off from humanitarian aid.",
    "keypoints": [
      "Affected populations are displaced from their lands, living under bombardments, and cut off from humanitarian aid."
    ]
  },
  {
    "question": "When and where did the fighting in Sudan begin?",
    "answer": "Fighting broke out in Khartoum in April 2023.",
    "keypoints": [
      "Fighting broke out in Khartoum in April 2023 and quickly spread across Sudan."
    ]
  },
  {
    "question": "What did the conflict reignite in Sudan's Darfur region?",
    "answer": "The conflict reignited ethnic bloodshed in the western Darfur region.",
    "keypoints": [
      "The conflict reignited ethnic bloodshed in the western Darfur region."
    ]
  }
]
