[
  {
    "question": "What type of settlement is suggested by an aerial view of densely packed small structures?",
    "answer": "An aerial view of numerous small structures densely packed together suggests a refugee camp or informal housing settlement.",
    "keypoints": [
      "An aerial view shows a large settlement with numerous small structures densely packed together, suggesting a refugee or informal housing camp."
    ]
  },
  {
    "question": "What event is indicated by smoke billowing from an urban area near a river?",
    "answer": "Smoke billowing from an urban area near a river indicates a significant fire or industrial incident affecting the cityscape.",
    "keypoints": [
      "Smoke billows from an urban area near a river, indicating a significant fire or industrial incident affecting the cityscape."
    ]
  }
]