[
  {
    "question": "What did the peer-reviewed study in *The Lancet* conclude about the official Palestinian death toll in the Israel-Hamas war?",
    "answer": "The study indicated that the official Palestinian tally of direct deaths likely undercounted fatalities by tens of thousands.",
    "keypoints": [
      "A peer-reviewed study published in *The Lancet* medical journal on Thursday indicated that an official Palestinian tally of direct deaths in the Israel-Hamas war likely undercounted fatalities by tens of thousands."
    ]
  },
  {
    "question": "How many traumatic injury deaths did researchers estimate occurred in Gaza between October 2023 and June 2024 due to Israel's military campaign?",
    "answer": "Researchers estimated 64,666 deaths occurred due to traumatic injury from Israel's air and ground campaign in Gaza between October 2023 and the end of June 2024.",
    "keypoints": [
      "Researchers estimated 64,666 deaths occurred due to traumatic injury from Israel’s air and ground campaign in Gaza between October 2023 and the end of June 2024."
    ]
  },
  {
    "question": "How much higher was the *Lancet* study's death toll estimate compared to the Palestinian Health Ministry's official count?",
    "answer": "The estimated figure was 41% higher than the official Palestinian Health Ministry count for the same period.",
    "keypoints": [
      "This estimated figure is 41% higher than the official Palestinian Health Ministry count for the same period."
    ]
  },
  {
    "question": "What percentage of war fatalities were women, children, and people over 65 according to the *Lancet* study?",
    "answer": "Nearly 60% of those killed were women, children, and people over age 65.",
    "keypoints": [
      "The *Lancet* study reported that nearly 60% of those killed were women, children, and people over age 65."
    ]
  }
]
