[
  {
    "question": "What was the transaction amount shown during a credit card payment at a digital tablet terminal, and which consumer brands have recently warned about pressures on lower-income households in their quarterly results?",
    "answer": "The transaction amount was $3.25. Coca-Cola, PepsiCo, and Domino's Pizza have warned about pressures on lower-income households.",
    "keypoints": {
      "video": [
        "A person uses a credit card to make a payment at a digital tablet terminal displaying the amount of $3.25."
      ],
      "text": [
        "Coca-Cola, PepsiCo, and Domino's Pizza warned of pressures on lower-income households in their latest quarterly results."
      ]
    }
  },
  {
    "question": "Which index experienced significant drag from a stock that erased its 2024 gains due to a revenue miss, and what visual element in the video specifically referenced this index?",
    "answer": "The Dow Jones Industrial Average experienced significant drag. The visual element was a person wearing a cap with 'DOW 40,000' embroidered on it.",
    "keypoints": {
      "video": [
        "A person wearing a cap with 'DOW 40,000' embroidered on it is seen from behind, looking at a stock chart."
      ],
      "text": [
        "Visa stock was the biggest drag on the Dow Jones Industrial Average on Wednesday."
      ]
    }
  }
]