[
  {
    "question": "How did Visa's quarterly revenue growth compare to Wall Street expectations?",
    "answer": "Visa reported quarterly revenue growth that fell short of Wall Street targets.",
    "keypoints": [
      "Visa reported quarterly revenue growth that fell short of Wall Street targets."
    ]
  },
  {
    "question": "How common are revenue misses for Visa?",
    "answer": "A revenue miss is a rare occurrence for Visa.",
    "keypoints": [
      "The revenue miss was a rare occurrence for Visa."
    ]
  },
  {
    "question": "Why is the payments industry facing challenges?",
    "answer": "The payments industry faces challenges due to over two years of inflation and high borrowing costs prompting customer spending reductions.",
    "keypoints": [
      "The payments industry faces challenges after over two years of inflation and high borrowing costs prompted customer spending reductions."
    ]
  }
]
