[
  {
    "question": "How is the renewal of bombardment by Israeli forces expected to affect civilians in Gaza who were salvaging belongings from debris during the temporary ceasefire?",
    "answer": "The renewal of bombardment is expected to worsen the impact on civilians, including those salvaging belongings from debris during the temporary ceasefire.",
    "keypoints": {
      "video": [
        "Individuals gather around piles of clothes and belongings among the debris, suggesting efforts to salvage personal items."
      ],
      "text": [
        "A temporary period of ceasefire provided the people of Gaza with respite from killing, bombardment, displacement, uncertainty, and grief.",
        "The renewal of bombardment by Israeli forces is expected to worsen the impact on civilians in Gaza, including men, women, and children."
      ]
    }
  },
  {
    "question": "How is the renewal of bombardment by Israeli forces expected to affect individuals with mobility issues in Gaza, as depicted by a man pushing a wheelchair?",
    "answer": "The renewal of bombardment is expected to worsen the impact on civilians, including those with mobility issues, as illustrated by the challenges faced by a man pushing a wheelchair.",
    "keypoints": {
      "video": [
        "A man pushes a wheelchair along a road, showing the challenges faced by those with mobility issues."
      ],
      "text": [
        "The renewal of bombardment by Israeli forces is expected to worsen the impact on civilians in Gaza, including men, women, and children."
      ]
    }
  },
  {
    "question": "How is the renewal of bombardment by Israeli forces expected to affect children in Gaza, as symbolized by a doll lying amid broken concrete and stones?",
    "answer": "The renewal of bombardment is expected to worsen the impact on civilians, including children, with the doll symbolizing the loss of innocence caused by the conflict.",
    "keypoints": {
      "video": [
        "A doll lies on the ground amid broken concrete and stones, symbolizing the loss of innocence."
      ],
      "text": [
        "The renewal of bombardment by Israeli forces is expected to worsen the impact on civilians in Gaza, including men, women, and children."
      ]
    }
  }
]