[
  {
    "question": "How many additional UNRWA staff deaths did Andra confirm, and what was the resulting total death toll?",
    "answer": "Andra confirmed five additional UNRWA staff deaths, bringing the total death toll to over 280.",
    "keypoints": [
      "Andra confirmed this morning that five additional UNRWA colleagues were among those killed, bringing the total death toll of UNRWA staff to over 280."
    ]
  },
  {
    "question": "What relief did the temporary ceasefire provide for Gaza's population?",
    "answer": "The temporary ceasefire provided respite from killing, bombardment, displacement, uncertainty, and grief.",
    "keypoints": [
      "A temporary period of ceasefire provided the people of Gaza with respite from killing, bombardment, displacement, uncertainty, and grief."
    ]
  }
]
