[
  {
    "question": "How many UNRWA staff members have been killed in Gaza, and what does the agency anticipate regarding future casualties?",
    "answer": "UNRWA reported that five of its staff members have been killed in Gaza, and the agency fears more casualties are likely to follow.",
    "keypoints": [
      "UNRWA reports that five of its staff have been killed in Gaza, and the agency fears more casualties are likely to follow."
    ]
  },
  {
    "question": "What is Juliette Touma's position at UNRWA and on what date did she speak in an interview?",
    "answer": "Juliette Touma is the UNRWA communications director, and she spoke during an interview on March 20, 2025.",
    "keypoints": [
      "A woman identified as Juliette Touma, UNRWA communications director, speaks during an interview on March 20, 2025."
    ]
  }
]