[
  {
    "question": "In what setting did the trial of Truong My Lan occur and how many other individuals were convicted in the fraud scheme?",
    "answer": "The trial occurred in a spacious hall with yellow walls and columns, and dozens of other individuals were convicted in the fraud scheme.",
    "keypoints": {
      "video": [
        "A large crowd of people, including those in green uniforms, gather inside a spacious hall with yellow walls and columns."
      ],
      "text": [
        "Dozens of other individuals were also found guilty of involvement in the fraud scheme."
      ]
    }
  }
]