[
  {
    "question": "What sentence did Vietnamese businesswoman Trương Mỹ Lan receive in her trial?",
    "answer": "Trương Mỹ Lan received a death sentence.",
    "keypoints": [
      "The text 'BỊ CÁO TRƯƠNG MỸ LAN NHẬN ÁN TỬ HÌNH' appears on the screen, indicating a death sentence for Trương Mỹ Lan."
    ]
  },
  {
    "question": "During which term of the National Assembly of Vietnam was the session being held?",
    "answer": "The session was held during the 15th term of the National Assembly of Vietnam (Quốc Hội khóa XV).",
    "keypoints": [
      "A large assembly hall with Vietnamese flags and screens displaying live footage is shown during a session of the Quốc Hội khóa XV."
    ]
  }
]