[
  {
    "question": "What was the U.S. military's role in responding to the August 1910 wildfire in Yellowstone, and how did this event influence U.S. Forest Service policy?",
    "answer": "During the August 1910 wildfire in Yellowstone, U.S. troops were deployed to control a mile-wide wall of flames. This fire, which burned 3 million acres and killed nearly 90 people, led the U.S. Forest Service to adopt a policy focused on suppressing all fires for decades.",
    "keypoints": {
      "video": [
        "August 1910 marked a significant wildfire event in Yellowstone Park, where troops were deployed to control a mile-wide wall of flames.",
        "A tragic wildfire in the western forests resulted in over 50 deaths and left many villages abandoned as fires raged on."
      ],
      "text": [
        "The 1910 wildfire in the western United States burned 3 million acres in two days, destroyed entire towns, and killed nearly 90 people.",
        "This 1910 fire significantly shaped US forest policy for years, particularly for the US Forest Service."
      ]
    }
  }
]