[
  {
    "question": "What significant event occurred in Yellowstone Park in August 1910?",
    "answer": "Troops were deployed to control a mile-wide wall of flames during a major wildfire.",
    "keypoints": [
      "August 1910 marked a significant wildfire event in Yellowstone Park, where troops were deployed to control a mile-wide wall of flames."
    ]
  },
  {
    "question": "What were the consequences of the tragic wildfire in western forests?",
    "answer": "It resulted in over 50 deaths and caused many villages to be abandoned.",
    "keypoints": [
      "A tragic wildfire in the western forests resulted in over 50 deaths and left many villages abandoned as fires raged on."
    ]
  }
]