[
  {
    "question": "As U.S. President Joe Biden boards the presidential aircraft, what decision did he make regarding Ukraine's use of ATACMS missiles, and what future shift in U.S. policy is anticipated under President-elect Donald Trump?",
    "answer": "President Biden approved Ukraine's use of ATACMS missiles for strikes inside Russian territory this week. Under President-elect Donald Trump, more consequential changes in U.S. policy are expected when he assumes power in two months.",
    "keypoints": {
      "video": [
        "A man in a suit is seen boarding an aircraft via a staircase, with the presidential seal visible on the plane's exterior."
      ],
      "text": [
        "U.S. President Joe Biden approved Ukraine's use of ATACMS missiles for strikes inside Russian territory just this week.",
        "More consequential changes in U.S. policy are expected when President-elect Donald Trump returns to power in two months."
      ]
    }
  }
]