[
  {
    "question": "What evidence of global temperature changes supports the warning by Carlo Buontempo, Director of the Copernicus Climate Change Service, on November 6, 2024, that 2024 will be the world's hottest year and exceed the 1.5°C threshold?",
    "answer": "NASA data shows global temperature changes over time with increased heat patterns, supporting the warning that 2024 will be the world's hottest year and exceed the 1.5°C global average temperature threshold for the first time.",
    "keypoints": {
      "video": [
        "EU scientists warn 2024 is set to be the world's hottest year, according to a statement made on November 6, 2024.",
        "A NASA visualization shows global temperature changes over time, highlighting increased heat in various regions."
      ],
      "text": [
        "2024 is virtually certain to exceed the 1.5°C global average temperature threshold for the first time."
      ]
    }
  },
  {
    "question": "What does NASA data reveal about global temperature trends, and by what margin is the 2024 global average temperature projected to exceed the 1.5°C threshold?",
    "answer": "NASA data reveals increasing global temperature trends with heightened heat across regions. The 2024 global average temperature is expected to exceed the 1.5°C threshold by more than 0.1°C.",
    "keypoints": {
      "video": [
        "A NASA visualization shows global temperature changes over time, highlighting increased heat in various regions."
      ],
      "text": [
        "The 2024 global average temperature is expected to exceed the 1.5°C threshold by more than 0.1°C."
      ]
    }
  },
  {
    "question": "How did the 2023 global average temperature compare to the 1.5°C threshold, and what NASA data supports the projection for 2024's temperature exceedance?",
    "answer": "The 2023 global average temperature was 1.48°C, remaining below the 1.5°C threshold by a small margin. NASA data showing sustained global temperature increases and regional heat patterns supports the projection that 2024 will exceed this threshold by over 0.1°C.",
    "keypoints": {
      "video": [
        "A NASA visualization shows global temperature changes over time, highlighting increased heat in various regions."
      ],
      "text": [
        "The 2023 global average temperature was 1.48°C, remaining below the 1.5°C threshold by a small margin.",
        "The 2024 global average temperature is expected to exceed the 1.5°C threshold by more than 0.1°C."
      ]
    }
  }
]