[
  {
    "question": "What was the global average temperature in 2023 and how did it compare to the 1.5°C threshold?",
    "answer": "The 2023 global average temperature was 1.48°C, remaining below the 1.5°C threshold by a small margin.",
    "keypoints": [
      "The 2023 global average temperature was 1.48°C, remaining below the 1.5°C threshold by a small margin."
    ]
  },
  {
    "question": "What condition would prevent the 2024 global average temperature from exceeding the 1.5°C threshold?",
    "answer": "Two consecutive months with near-zero temperature anomalies would prevent the 2024 global average temperature from exceeding the 1.5°C threshold.",
    "keypoints": [
      "Preventing the 2024 global average temperature from exceeding 1.5°C would require two consecutive months with near-zero temperature anomalies."
    ]
  },
  {
    "question": "By how much is the 2024 global average temperature expected to surpass the 1.5°C threshold?",
    "answer": "The 2024 global average temperature is expected to exceed the 1.5°C threshold by more than 0.1°C.",
    "keypoints": [
      "The 2024 global average temperature is expected to exceed the 1.5°C threshold by more than 0.1°C."
    ]
  }
]
