[
  {
    "question": "What did EU scientists state about the year 2024 on November 6, 2024?",
    "answer": "EU scientists warned that 2024 is set to be the world's hottest year.",
    "keypoints": [
      "EU scientists warn 2024 is set to be the world's hottest year, according to a statement made on November 6, 2024."
    ]
  },
  {
    "question": "What was the average annual mass loss from Greenland's land ice between 2002 and 2022 according to GRACE and GRACE-FO data?",
    "answer": "GRACE and GRACE-FO data indicate an average mass loss of 271 Gigatons per year from Greenland's land ice between 2002 and 2022.",
    "keypoints": [
      "The GRACE and GRACE-FO data indicate an average mass loss of 271 Gigatons/year from Greenland's land ice between 2002 and 2022."
    ]
  }
]