[
  {
    "question": "What health facilities in Maiduguri were damaged by the Borno State floods, and which agency's ambulances were observed in a flooded area?",
    "answer": "The floods damaged the post office and a teaching hospital in Maiduguri. Ambulances from the Borno State Primary Health Care Development Agency were seen parked in a flooded area outside a building.",
    "keypoints": {
      "video": [
        "Ambulances from the Borno State Primary Health Care Development Agency are parked in a flooded area outside a building."
      ],
      "text": [
        "The floods damaged facilities in Maiduguri, including the post office and a teaching hospital."
      ]
    }
  }
]