[
  {
    "question": "What percentage of animals died at Sand Karimi Park Zoo in Borno State, Nigeria, due to flooding?",
    "answer": "Over 80% of animals at Sand Karimi Park Zoo were killed by the floods.",
    "keypoints": [
      "Floods in Northeastern Nigeria killed over 80% of animals at Sand Karimi Park Zoo in Borno State."
    ]
  },
  {
    "question": "What caused Sand Karimi Park Zoo in Borno State, Nigeria, to become submerged?",
    "answer": "The zoo was submerged after a dam overflowed due to heavy rains.",
    "keypoints": [
      "The zoo was submerged after a dam overflowed due to heavy rains."
    ]
  },
  {
    "question": "How many people were displaced by flooding in Borno State, Nigeria?",
    "answer": "Thousands of people were displaced by the flooding in Borno State.",
    "keypoints": [
      "Thousands of people were displaced by the flooding in Borno State."
    ]
  },
  {
    "question": "What did one displaced woman in Borno State, Nigeria, report about her personal situation after the floods?",
    "answer": "One displaced woman stated her daughter is hospitalized and she only has the clothes she is wearing.",
    "keypoints": [
      "One displaced woman stated her daughter is hospitalized and she only has the clothes she is wearing."
    ]
  }
]
