[
  {
    "question": "Following the discovery that Hamas returned incorrect remains, how did the hostage families' advocacy group react, and what do the public displays of 'BRING HIM HOME NOW!' posters and tree memorials indicate about civilian demands?",
    "answer": "The group representing hostage families stated they were horrified and devastated by the news. The public displays of posters and tree memorials reflect widespread civilian demands for the immediate return of all missing individuals.",
    "keypoints": {
      "video": [
        "Posters with the words 'BRING HIM HOME NOW!' are displayed on a fence, featuring images of missing persons.",
        "A tree is decorated with numerous posters of missing individuals, each attached with yellow ribbons."
      ],
      "text": [
        "A group representing hostage families stated they were horrified and devastated by the news and called for the ceasefire to continue to enable the return of all 70 hostages from Gaza."
      ]
    }
  }
]