[
  {
    "question": "What did Israeli Prime Minister Benjamin Netanyahu state about Hamas on Friday regarding the ceasefire deal?",
    "answer": "Israeli Prime Minister Benjamin Netanyahu stated that Hamas would pay for failing to return the body of hostage Shiri Bibas as agreed in the ceasefire deal.",
    "keypoints": [
      "Israeli Prime Minister Benjamin Netanyahu stated on Friday that Hamas would pay for failing to return the body of hostage Shiri Bibas as agreed in the ceasefire deal."
    ]
  },
  {
    "question": "What did Israeli specialists determine about the four bodies Hamas handed over on Thursday?",
    "answer": "Israeli specialists determined that one of the four bodies was an unidentified woman, while the other three were those of Shiri Bibas's infant sons, Kfir and Ariel.",
    "keypoints": [
      "Israeli specialists determined that one of the four bodies Hamas handed over on Thursday was an unidentified woman, while the other three bodies were Bibas's infant sons, Kfir and Ariel."
    ]
  },
  {
    "question": "What two actions did Israeli Prime Minister Benjamin Netanyahu declare regarding Shiri Bibas and Hamas?",
    "answer": "Netanyahu declared Israel would act to bring Shiri Bibas home along with all other hostages, both living and dead, and ensure Hamas pays the full price for violating the agreement.",
    "keypoints": [
      "Netanyahu declared Israel would act to bring Shiri Bibas home along with all other hostages, both living and dead, and ensure Hamas pays the full price for violating the agreement."
    ]
  },
  {
    "question": "What explanation did Hamas provide about Shiri Bibas's remains and what action are they taking?",
    "answer": "Hamas claimed Bibas's remains might have been mixed with others after an Israeli airstrike hit her holding location and stated it was investigating the possible error.",
    "keypoints": [
      "Hamas claimed Bibas's remains might have been mixed with others after an Israeli airstrike hit the location where she was held and stated it was investigating the possible error."
    ]
  }
]
